id,surgery,age,hospital_number,rectal_temp,pulse,respiratory_rate,temp_of_extremities,nasogastric_reflux_ph,packed_cell_volume,total_protein,abdomo_protein,surgical_lesion,lesion_1,cp_data,outcome
0,1,0,530001,38.1,132.0,24.0,2,6.5,57.0,8.5,3.4,1,2209,0,died
1,1,0,533836,37.5,88.0,12.0,2,2.0,33.0,64.0,2.0,1,2208,0,euthanized
2,1,0,529812,38.3,120.0,28.0,2,3.5,37.0,6.4,3.4,1,5124,0,lived
3,1,0,5262541,37.1,72.0,30.0,1,2.0,53.0,7.0,3.9,1,2208,1,lived
4,0,0,5299629,38.0,52.0,48.0,3,7.0,47.0,7.3,2.6,0,0,1,lived
5,0,0,529642,38.1,56.0,32.0,3,5.0,49.0,8.0,2.8,0,0,1,lived
6,1,0,534787,38.3,36.0,16.0,2,2.0,43.0,75.0,1.0,0,3111,1,euthanized
7,0,0,529461,39.2,114.0,24.0,2,4.5,57.0,7.6,4.5,1,2207,1,died
8,0,0,528742,37.4,48.0,12.0,2,7.0,40.0,7.8,2.6,0,0,1,lived
9,1,0,529640,38.3,129.0,48.0,2,4.4,57.0,4.9,2.9,1,3209,1,died
10,1,0,529642,38.3,84.0,48.0,2,5.3,46.0,7.5,2.0,1,2208,1,died
11,1,0,528682,39.3,84.0,30.0,2,2.0,65.0,8.0,2.0,1,3205,0,euthanized
12,1,0,530028,38.1,164.0,36.0,4,6.0,44.0,6.7,3.6,0,3205,1,lived
13,1,0,528548,38.0,66.0,12.0,2,4.5,60.0,7.4,3.9,1,2124,1,lived
14,1,0,528134,38.0,124.0,88.0,2,7.0,39.0,13.0,6.6,1,2206,1,lived
15,0,0,528305,38.3,44.0,24.0,4,3.0,33.0,6.5,3.6,0,31110,1,lived
16,1,0,534885,37.8,60.0,16.0,2,2.0,37.0,75.0,1.0,1,2208,0,euthanized
17,1,0,5290482,38.8,72.0,24.0,1,4.5,52.0,7.4,3.3,0,3205,1,lived
18,1,0,5279822,38.1,96.0,48.0,2,5.0,72.0,6.8,3.6,1,2205,0,died
19,1,0,5299629,37.5,70.0,36.0,2,7.5,35.0,8.4,4.5,1,7111,1,died
20,1,0,533692,37.8,48.0,16.0,2,2.0,53.0,53.0,2.0,1,3205,0,euthanized
21,1,0,535208,37.5,96.0,24.0,2,2.0,66.0,65.0,2.0,1,2208,0,euthanized
22,1,0,528523,38.0,66.0,12.0,3,3.0,44.0,6.1,3.6,1,2208,1,lived
23,1,1,529893,38.7,88.0,20.0,4,7.0,34.0,6.1,2.6,1,7111,0,died
24,1,0,534145,38.1,129.0,48.0,2,2.0,57.0,66.0,2.0,0,3205,0,euthanized
25,1,0,530233,37.6,96.0,48.0,2,4.5,45.0,4.6,2.8,1,3207,1,died
26,1,0,529399,39.1,84.0,48.0,2,5.0,59.0,8.4,3.3,0,4206,1,lived
27,1,0,530354,38.0,92.0,28.0,2,2.0,46.0,5.3,2.0,1,3111,0,lived
28,1,0,528503,39.4,124.0,32.0,1,5.0,48.0,7.3,3.4,0,2209,1,euthanized
29,0,1,529796,40.3,114.0,36.0,2,7.0,47.0,7.5,4.5,1,2113,0,died
30,0,0,529642,37.6,48.0,28.0,2,6.5,49.0,7.0,3.6,0,0,1,lived
31,0,0,529796,38.5,60.0,40.0,2,5.5,45.0,8.6,4.1,1,0,1,died
32,1,0,527916,38.0,129.0,96.0,2,5.0,73.0,8.4,4.1,1,2206,1,euthanized
33,1,0,530360,38.0,64.0,24.0,3,3.5,47.0,7.5,2.6,1,3209,1,died
34,1,0,528298,37.2,96.0,24.0,1,4.5,31.5,6.1,5.3,1,3209,1,lived
35,1,0,533871,38.5,80.0,16.0,2,2.0,54.0,67.0,2.0,1,3205,0,lived
36,1,0,529388,37.2,68.0,12.0,3,7.0,49.0,7.0,2.6,1,2124,0,lived
37,1,0,527563,37.6,92.0,20.0,2,3.0,48.0,6.0,3.4,1,2209,1,lived
38,1,0,528548,38.2,68.0,24.0,3,3.0,45.0,7.0,3.6,1,3113,1,lived
39,1,0,534163,38.1,140.0,68.0,2,2.0,39.0,64.0,2.0,1,3205,0,euthanized
40,1,0,529827,37.1,84.0,30.0,2,5.0,30.0,6.0,2.9,1,2205,1,died
41,1,0,527563,37.8,52.0,24.0,3,5.7,48.0,7.2,3.7,1,2112,0,died
42,1,0,529399,37.6,84.0,30.0,1,1.0,55.0,8.1,3.9,1,2208,0,lived
43,1,0,535196,38.0,130.0,16.0,2,2.0,52.0,65.0,2.0,0,3205,0,euthanized
44,1,0,527563,39.1,120.0,18.0,3,5.3,64.0,8.0,3.9,1,2208,0,lived
45,0,0,534787,38.0,56.0,14.0,3,2.0,57.0,65.0,2.0,0,0,1,lived
46,1,0,533871,37.2,72.0,30.0,1,2.0,60.0,70.0,2.0,1,3205,0,lived
47,1,0,528548,38.1,66.0,12.0,2,3.5,44.0,7.5,3.6,1,2124,1,lived
48,1,0,535176,38.4,80.0,35.0,3,3.5,50.0,85.0,1.3,1,3205,0,euthanized
49,1,0,528742,37.7,48.0,16.0,2,4.5,35.0,7.5,4.5,1,3205,0,lived
50,1,0,529045,37.7,60.0,12.0,2,6.0,45.0,7.5,1.4,1,4206,0,died
51,0,0,527518,37.6,108.0,96.0,1,4.5,52.0,6.1,3.7,0,3205,0,euthanized
52,1,0,5290482,36.1,88.0,40.0,2,5.0,44.0,7.5,5.3,1,4205,1,died
53,1,0,534787,38.0,36.0,16.0,2,2.0,37.0,75.0,1.0,0,3111,0,euthanized
54,1,0,527463,37.6,96.0,18.0,2,5.0,69.0,8.1,2.0,1,2208,0,lived
55,0,0,529172,38.2,56.0,40.0,2,7.5,47.0,7.2,2.5,0,8300,1,lived
56,1,0,528996,38.6,52.0,20.0,3,5.7,48.0,7.2,5.0,0,0,1,lived
57,1,0,528548,38.1,52.0,96.0,2,4.4,43.0,6.1,3.6,1,2124,1,lived
58,1,0,533887,38.2,88.0,24.0,2,2.0,66.0,64.0,2.0,1,4205,0,euthanized
59,0,0,528904,37.7,96.0,30.0,2,4.0,66.0,75.0,2.0,1,4205,0,died
60,1,0,535407,37.2,80.0,36.0,2,2.0,50.0,60.0,2.0,1,1400,0,euthanized
61,1,0,527563,38.1,52.0,24.0,3,7.0,54.0,7.5,2.6,1,5400,0,died
62,1,0,533902,38.1,80.0,51.0,2,2.0,54.0,82.0,2.0,1,7209,0,lived
63,1,0,523190,38.0,84.0,24.0,4,4.5,36.0,6.6,3.9,1,3115,0,lived
64,1,1,534073,37.5,66.0,13.0,0,5.0,40.0,4.5,0.1,1,11124,0,lived
65,0,0,534135,37.2,48.0,24.0,3,1.0,42.0,75.0,1.0,0,0,0,lived
66,1,1,5290409,39.2,164.0,24.0,1,5.0,72.0,6.2,3.2,1,4207,0,died
67,0,0,529160,38.4,48.0,28.0,3,7.0,49.0,8.1,1.5,0,3111,1,lived
68,1,0,534917,37.8,52.0,16.0,3,2.0,46.0,81.0,2.0,1,2205,0,lived
69,1,0,534784,38.6,120.0,16.0,2,2.0,57.0,62.0,2.0,1,2209,0,euthanized
70,0,0,5299253,38.1,108.0,48.0,1,2.0,52.0,6.0,2.0,1,4205,0,lived
71,1,0,534004,38.0,52.0,24.0,2,2.0,57.0,82.0,2.0,1,2209,1,euthanized
72,1,0,534115,37.2,88.0,20.0,1,2.0,65.0,82.0,2.0,0,3205,0,euthanized
73,1,0,529667,37.8,30.0,12.0,3,6.5,46.0,6.5,4.4,1,3205,1,died
74,1,0,5297159,39.2,100.0,24.0,2,3.0,60.0,7.5,3.0,1,2124,1,died
75,1,0,529388,38.2,66.0,16.0,2,3.0,36.0,6.6,3.4,1,31110,1,died
76,0,0,529427,37.5,88.0,24.0,3,4.0,69.0,8.2,5.0,0,3111,1,lived
77,1,1,5279822,37.2,64.0,28.0,4,5.5,54.0,7.7,3.3,1,2208,1,died
78,1,0,527463,38.0,104.0,40.0,1,5.4,53.0,7.3,2.3,1,2209,0,died
79,1,0,527677,38.4,52.0,12.0,2,6.5,54.0,6.1,3.6,1,2208,0,lived
80,1,0,530612,38.5,76.0,28.0,3,5.5,40.0,6.5,3.2,1,2208,1,lived
81,0,0,535415,38.0,146.0,36.0,2,2.0,57.0,66.0,2.0,1,3205,1,euthanized
82,1,1,530561,38.2,120.0,48.0,2,4.5,37.0,6.1,2.6,1,1400,1,died
83,0,0,528682,38.4,52.0,21.0,0,5.5,43.0,6.8,3.6,0,0,0,lived
84,1,0,530242,37.2,108.0,12.0,2,6.0,52.0,8.2,7.4,1,2207,1,euthanized
85,1,1,529172,38.1,124.0,24.0,2,7.0,47.0,7.5,2.6,1,9400,1,lived
86,1,0,530002,39.4,100.0,51.0,2,2.0,57.0,8.5,3.9,1,4205,0,died
87,1,0,534784,39.4,48.0,40.0,2,2.0,49.0,74.0,2.0,1,2206,0,lived
88,0,0,5289419,38.4,52.0,20.0,2,4.0,48.0,7.7,4.3,0,2124,1,lived
89,0,0,528548,38.3,104.0,40.0,2,3.0,54.0,7.4,3.6,0,3113,1,died
90,1,0,529498,38.5,88.0,24.0,1,4.5,54.0,7.5,2.6,1,2205,0,lived
91,0,0,529126,38.7,54.0,36.0,3,7.0,39.0,6.0,2.6,0,300,1,lived
92,0,0,529667,38.3,64.0,30.0,3,7.5,47.0,7.2,0.1,0,0,0,lived
93,0,0,5291409,38.6,50.0,24.0,4,7.0,46.0,5.9,1.0,0,0,0,lived
94,1,0,5287179,37.5,114.0,36.0,2,7.0,48.0,7.2,4.7,1,2208,0,died
95,0,0,530526,38.5,56.0,24.0,2,5.0,33.0,3.9,3.9,1,3111,1,euthanized
96,1,0,530526,39.3,96.0,28.0,1,2.0,65.0,13.0,3.9,1,2208,1,died
97,1,0,5290759,37.7,76.0,20.0,2,3.0,53.0,6.5,3.9,1,3205,0,lived
98,1,0,532110,39.2,104.0,51.0,1,5.0,47.0,7.5,2.6,1,2111,0,lived
99,1,0,528996,38.1,54.0,18.0,3,3.0,39.0,7.0,3.0,1,3111,0,lived
100,1,0,534293,39.4,104.0,30.0,2,5.5,65.0,75.0,2.6,1,2207,0,lived
101,0,0,534280,38.3,52.0,20.0,0,2.0,53.0,86.0,2.0,0,2209,1,euthanized
102,1,0,528214,40.3,114.0,36.0,2,4.4,68.0,7.7,4.8,1,2209,0,died
103,0,0,527933,39.1,72.0,30.0,2,2.0,44.0,7.3,2.0,1,3300,1,died
104,1,0,530612,38.6,42.0,20.0,4,5.4,43.0,8.1,4.4,1,2205,1,lived
105,0,0,5283431,38.0,54.0,24.0,3,7.0,41.0,7.5,6.0,0,3112,1,lived
106,1,0,534917,37.1,84.0,40.0,2,2.0,75.0,81.0,2.0,1,2112,0,lived
107,1,0,528743,37.9,52.0,14.0,2,3.0,37.0,4.0,3.4,1,2208,1,lived
108,1,0,529766,38.9,96.0,24.0,2,7.5,69.0,13.0,6.5,1,2208,1,died
109,0,0,529304,38.1,48.0,40.0,2,6.5,54.0,8.1,4.1,1,3205,0,died
110,1,0,530401,38.0,84.0,40.0,1,4.0,75.0,7.2,4.3,1,3205,1,died
111,1,0,527702,38.0,88.0,24.0,2,5.7,36.0,6.6,3.7,1,2205,0,died
112,1,0,529849,37.8,48.0,32.0,2,7.0,41.0,7.0,1.0,1,2124,0,lived
113,1,0,534157,38.4,40.0,16.0,2,2.0,52.0,77.0,2.0,1,2209,0,euthanized
114,0,0,534998,38.3,130.0,48.0,2,2.0,52.0,75.0,2.0,1,3205,0,euthanized
115,0,0,529340,38.3,48.0,28.0,2,7.2,47.0,5.5,4.1,0,0,1,lived
116,1,0,528904,38.0,80.0,16.0,2,4.5,60.0,7.2,4.1,1,7111,1,died
117,1,0,528742,38.1,48.0,12.0,3,7.5,48.0,8.6,2.0,1,2208,1,lived
118,1,0,530276,38.0,48.0,16.0,3,6.5,42.0,7.0,2.6,1,400,0,lived
119,1,0,5290409,38.3,164.0,84.0,3,5.0,64.0,8.0,6.0,1,3205,1,died
120,1,1,530002,39.2,150.0,51.0,3,2.0,47.0,8.1,2.2,0,1400,1,died
121,0,0,527927,37.2,42.0,16.0,0,6.5,45.0,7.5,7.0,0,2300,1,lived
122,1,0,534886,38.1,92.0,36.0,2,4.5,38.0,75.0,1.0,0,2322,0,lived
123,1,0,5290409,39.2,114.0,48.0,2,4.5,57.0,5.7,6.6,0,2205,1,died
124,1,0,527365,37.1,104.0,35.0,1,5.0,73.0,11.0,3.9,1,2205,1,died
125,1,1,528641,39.1,164.0,84.0,1,5.0,40.0,7.2,5.3,1,7209,1,died
126,0,0,528461,38.7,60.0,18.0,2,5.5,49.0,7.2,1.3,0,0,0,lived
127,1,0,528469,38.3,104.0,40.0,3,6.5,64.0,9.1,2.6,1,2205,1,died
128,1,0,527702,37.4,52.0,12.0,2,6.5,43.0,7.4,2.6,0,2209,0,euthanized
129,1,0,529607,38.3,84.0,36.0,2,7.0,45.0,6.5,1.6,1,7111,1,died
130,1,0,533942,37.4,84.0,36.0,3,1.0,46.0,46.0,2.0,1,7209,0,died
131,1,0,529272,38.3,132.0,28.0,0,6.2,57.0,8.0,5.2,1,2112,0,lived
132,1,0,530233,37.8,96.0,48.0,2,4.5,53.0,6.5,2.0,1,3205,0,died
133,1,0,5290409,39.1,164.0,84.0,3,5.0,48.0,7.2,5.3,1,2208,0,died
134,1,0,528682,38.3,66.0,16.0,2,4.0,48.0,7.0,6.0,1,3133,1,lived
135,1,0,527365,38.1,68.0,12.0,3,4.4,50.0,7.6,2.9,1,3205,1,died
136,1,0,529796,37.9,88.0,28.0,2,6.5,60.0,6.1,3.4,1,4205,0,died
137,1,0,535407,38.0,96.0,16.0,2,2.0,60.0,69.0,3.0,1,2207,0,euthanized
138,1,0,529796,38.0,54.0,12.0,2,5.2,39.0,7.5,5.0,1,4205,0,lived
139,1,0,527563,37.8,52.0,24.0,3,5.0,48.0,7.5,2.0,1,5400,0,lived
140,1,0,535208,38.3,100.0,20.0,1,5.5,65.0,75.0,5.0,1,2205,1,lived
141,1,0,528183,38.3,45.0,12.0,2,5.4,39.0,7.0,1.5,1,2112,1,lived
142,1,0,527463,38.4,96.0,18.0,3,5.0,49.0,8.9,6.0,1,2208,1,lived
143,1,0,529766,36.5,136.0,48.0,3,4.5,48.0,6.1,4.3,1,2207,1,died
144,0,0,529796,38.1,76.0,24.0,2,6.5,73.0,8.1,3.6,1,7111,1,lived
145,0,0,528743,38.0,86.0,28.0,3,5.0,48.0,7.6,2.6,0,0,1,euthanized
146,0,0,535407,37.8,44.0,20.0,3,2.0,52.0,65.0,2.3,0,4300,1,euthanized
147,1,0,533696,38.7,60.0,32.0,1,2.0,53.0,64.0,2.0,1,3111,0,euthanized
148,1,0,5287179,37.6,84.0,36.0,2,4.4,44.0,4.9,2.9,1,2208,0,died
149,0,0,529461,40.3,114.0,36.0,2,7.0,57.0,8.2,4.5,1,3205,1,died
150,1,1,529498,38.4,42.0,24.0,3,6.5,39.0,5.9,3.9,1,2206,1,died
151,1,0,528247,39.1,44.0,30.0,2,5.0,47.0,8.6,4.5,1,3111,1,lived
152,1,0,535043,39.3,100.0,51.0,2,2.0,66.0,13.0,2.0,1,2113,0,euthanized
153,1,0,527563,37.8,86.0,24.0,3,5.7,68.0,7.8,3.7,1,5400,0,died
154,1,0,529340,37.7,72.0,36.0,3,7.0,44.0,7.6,2.6,1,4205,0,died
155,0,0,530034,38.0,60.0,40.0,2,7.5,46.0,7.5,3.6,0,4205,1,lived
156,1,0,530612,38.1,44.0,40.0,2,3.0,42.0,6.6,3.0,1,0,1,died
157,1,0,529172,37.7,40.0,36.0,2,6.2,39.0,7.5,2.6,1,31110,1,lived
158,1,0,534925,38.3,112.0,16.0,0,2.0,51.0,57.0,2.0,0,2208,1,euthanized
159,1,0,530402,37.2,44.0,20.0,2,4.0,41.0,6.1,4.3,1,2208,1,died
160,1,0,534787,38.0,36.0,16.0,2,2.0,37.0,75.0,1.0,0,0,0,euthanized
161,1,0,535292,38.5,129.0,48.0,2,2.0,57.0,66.0,2.0,1,2206,0,lived
162,1,0,529493,37.8,40.0,48.0,2,5.3,41.0,6.8,2.3,1,2208,1,lived
163,1,0,530354,37.3,42.0,12.0,2,4.0,54.0,6.6,3.9,1,2208,1,died
164,0,0,530001,38.0,84.0,28.0,2,7.0,44.0,6.2,3.4,1,2209,0,euthanized
165,0,0,529272,38.1,112.0,84.0,2,5.0,48.0,8.0,2.6,0,3133,0,died
166,0,0,528996,39.3,54.0,20.0,2,5.0,49.0,7.2,5.0,0,0,1,lived
167,1,0,529045,38.5,72.0,18.0,1,5.5,52.0,6.6,5.0,1,2112,1,died
168,1,0,528355,39.4,56.0,68.0,3,6.5,54.0,7.0,2.7,1,2205,0,died
169,1,0,534197,39.3,92.0,35.0,2,2.0,55.0,75.0,2.0,1,2205,0,died
170,1,0,528548,38.2,66.0,12.0,2,3.0,44.0,6.0,3.6,1,2124,1,lived
171,1,0,529498,38.2,96.0,48.0,1,5.3,55.0,8.1,2.2,1,4205,0,died
172,1,0,530239,37.7,60.0,28.0,2,5.7,44.0,7.4,1.0,1,3025,0,died
173,0,0,529796,38.2,92.0,40.0,1,7.2,47.0,8.6,6.6,0,8300,1,lived
174,1,0,529777,38.9,40.0,24.0,3,5.3,36.0,6.0,5.4,1,2206,1,lived
175,0,0,530242,37.2,60.0,12.0,2,5.0,52.0,7.5,4.1,1,2207,1,euthanized
176,1,0,530478,38.3,44.0,21.0,2,7.0,44.0,6.5,4.4,1,2209,1,lived
177,0,0,530002,39.3,66.0,18.0,2,1.0,50.0,7.2,1.0,1,3205,0,died
178,1,0,529893,39.5,66.0,24.0,3,5.5,48.0,6.8,2.6,1,8400,0,lived
179,1,0,534069,38.4,84.0,51.0,2,2.0,43.0,51.0,1.6,1,3205,0,euthanized
180,1,0,533928,37.2,60.0,12.0,3,2.0,52.0,75.0,2.0,1,2209,0,euthanized
181,1,0,5287179,38.5,72.0,40.0,2,7.0,73.0,8.5,4.4,1,2206,1,lived
182,1,0,530002,37.8,112.0,20.0,2,4.5,54.0,7.3,3.9,1,4300,1,died
183,0,1,529667,37.2,84.0,24.0,3,7.0,44.0,7.6,3.0,1,7111,1,died
184,0,0,528996,38.8,52.0,20.0,4,7.0,33.0,6.5,5.3,0,0,1,lived
185,1,0,528570,38.3,54.0,50.0,2,3.5,37.5,6.5,3.6,1,2209,1,lived
186,1,0,528800,39.3,66.0,48.0,4,4.5,54.0,7.5,2.9,1,2205,0,lived
187,1,0,528570,37.5,54.0,40.0,2,3.5,45.0,6.5,3.5,1,2209,0,died
188,0,0,528668,38.2,60.0,28.0,2,7.0,42.0,6.6,2.0,0,3133,1,lived
189,1,0,529796,38.4,54.0,12.0,2,5.3,45.0,7.7,1.0,1,2209,0,lived
190,1,0,530693,38.9,88.0,24.0,1,7.0,57.0,7.4,1.0,0,3025,1,died
191,1,0,528548,38.1,66.0,12.0,2,3.0,44.0,6.0,3.6,1,2124,1,lived
192,0,0,528179,38.2,42.0,14.0,2,7.0,33.0,6.6,4.1,1,2206,1,lived
193,1,0,529272,37.6,68.0,9.0,2,6.5,38.0,6.0,4.5,1,2209,0,lived
194,0,0,529849,36.8,52.0,16.0,3,4.0,36.0,6.6,6.0,0,3111,1,lived
195,1,0,529304,39.5,104.0,24.0,2,4.5,53.0,7.2,4.7,1,3205,1,died
196,1,0,533871,38.2,48.0,16.0,2,2.0,72.0,64.0,2.0,1,2208,0,euthanized
197,1,0,530360,37.2,84.0,24.0,2,7.0,45.0,7.5,3.2,1,3205,1,died
198,0,0,528151,39.4,114.0,36.0,2,7.0,73.0,8.1,4.5,0,1111,1,lived
199,1,0,533836,37.8,96.0,30.0,1,2.0,68.0,64.0,2.0,1,2209,1,lived
200,1,0,530360,38.3,96.0,48.0,2,6.5,52.0,6.5,4.5,1,2205,0,died
201,1,0,529498,38.0,88.0,48.0,2,2.0,57.0,4.0,2.0,1,7209,1,euthanized
202,1,0,529849,37.8,60.0,80.0,2,3.0,40.0,6.0,3.0,1,5206,1,lived
203,0,1,529172,38.7,52.0,20.0,2,5.5,47.0,7.2,2.8,1,11300,1,died
204,1,0,530402,37.3,60.0,20.0,2,5.0,52.0,7.5,4.5,1,2205,1,died
205,1,0,530254,38.6,40.0,32.0,2,4.5,41.0,6.6,4.5,1,400,1,died
206,1,0,528548,38.0,66.0,12.0,2,3.0,44.0,6.0,3.6,1,2124,0,lived
207,1,0,534069,38.0,88.0,51.0,2,2.0,66.0,13.0,2.0,1,3205,1,euthanized
208,1,0,528890,38.5,80.0,44.0,2,7.0,54.0,6.5,7.4,1,7111,0,died
209,0,0,534644,38.4,48.0,20.0,2,1.0,41.0,65.0,2.3,0,0,0,lived
210,1,0,530255,38.0,66.0,24.0,3,2.0,47.0,7.5,2.0,1,8400,0,lived
211,0,0,528996,38.6,52.0,20.0,3,5.0,36.0,6.6,5.0,0,0,1,lived
212,0,0,528742,38.6,48.0,28.0,3,5.0,49.0,7.5,6.0,0,0,1,lived
213,1,0,5290482,39.3,164.0,30.0,2,4.0,75.0,7.0,4.1,1,2209,1,died
214,0,0,5297159,38.3,96.0,28.0,1,5.0,66.0,7.0,3.9,1,4205,0,died
215,1,0,530612,38.1,66.0,12.0,2,3.0,44.0,6.0,3.6,1,2208,1,lived
216,0,0,530561,38.4,48.0,16.0,3,7.5,47.0,7.0,4.4,0,0,1,lived
217,1,0,528996,36.0,96.0,30.0,1,6.5,52.0,7.5,2.6,1,2206,0,died
218,0,0,530612,38.2,60.0,8.0,2,6.5,39.0,6.5,1.6,0,2112,1,lived
219,1,0,527916,38.1,136.0,48.0,2,4.5,45.0,7.0,2.0,1,2209,1,lived
220,1,0,528247,37.5,40.0,36.0,3,2.0,44.0,5.9,2.0,1,2112,1,lived
221,1,0,529663,40.3,114.0,36.0,1,4.0,50.0,7.0,4.1,1,2208,1,lived
222,1,0,535031,39.3,100.0,51.0,2,2.0,66.0,13.0,2.0,1,2208,0,lived
223,1,0,534403,37.9,80.0,12.0,2,2.0,57.0,56.0,1.0,1,2205,0,euthanized
224,1,0,533871,37.8,72.0,42.0,2,2.0,75.0,81.0,2.0,1,1400,0,euthanized
225,1,0,528305,38.3,96.0,36.0,2,5.5,41.0,7.4,2.6,1,3205,0,lived
226,1,0,534145,38.3,88.0,20.0,0,2.0,46.0,81.0,2.0,0,4124,0,lived
227,0,0,530478,38.1,54.0,36.0,2,5.4,44.0,7.2,4.4,1,2124,1,lived
228,1,0,529642,37.3,48.0,18.0,3,5.3,49.0,7.8,2.1,1,2209,1,lived
229,1,0,5299629,38.3,52.0,40.0,3,7.0,50.0,7.0,5.0,1,3111,0,lived
230,1,0,528804,37.8,96.0,48.0,2,2.0,36.0,7.7,1.0,1,3205,0,died
231,0,0,528872,37.6,48.0,18.0,3,5.4,48.0,6.0,4.3,0,2209,1,lived
232,0,0,528702,37.4,114.0,36.0,2,7.0,54.0,8.0,4.8,1,2205,0,euthanized
233,1,0,528641,38.2,66.0,14.0,3,3.0,33.0,6.0,3.6,1,2209,1,lived
234,1,0,535166,39.3,112.0,40.0,2,2.0,65.0,86.0,2.0,1,2205,1,lived
235,1,0,529498,38.5,64.0,32.0,3,6.5,50.0,7.7,3.6,1,2205,0,died
236,1,0,535330,38.5,114.0,30.0,2,4.0,57.0,69.0,2.0,1,2206,0,lived
237,0,0,528729,37.8,48.0,16.0,3,4.0,49.0,6.6,2.0,0,0,1,lived
238,1,0,533942,37.8,88.0,36.0,2,2.0,39.0,62.0,2.0,1,2206,0,lived
239,1,0,529888,37.2,60.0,40.0,2,7.0,65.0,7.5,2.6,1,2205,0,died
240,1,0,529475,38.3,88.0,20.0,2,4.3,65.0,7.0,2.0,1,4205,1,euthanized
241,1,0,5294539,36.0,92.0,30.0,2,5.4,60.0,5.9,3.6,1,3205,0,euthanized
242,0,0,533750,37.9,44.0,12.0,2,2.0,53.0,64.0,2.0,1,0,0,lived
243,1,0,528570,37.5,66.0,12.0,4,2.0,43.0,8.7,2.0,1,2208,1,euthanized
244,0,0,528996,38.2,40.0,12.0,4,7.0,48.0,5.9,7.0,0,0,1,lived
245,1,0,530334,38.5,64.0,24.0,2,3.0,33.0,6.5,3.6,1,31110,1,lived
246,1,0,5297159,39.3,108.0,18.0,1,6.5,75.0,6.5,5.3,1,12208,0,died
247,0,0,529045,38.7,42.0,12.0,3,6.0,23.0,6.2,7.0,0,0,1,lived
248,1,0,529272,37.9,54.0,14.0,1,7.2,43.0,8.0,2.1,1,2112,0,died
249,1,0,529461,39.1,88.0,24.0,3,7.0,52.0,7.6,4.5,1,2209,0,died
250,1,0,535130,37.2,42.0,12.0,3,2.0,36.0,66.0,2.0,1,6112,0,lived
251,1,0,530276,38.2,88.0,20.0,2,5.5,44.0,8.0,5.3,1,2207,0,lived
252,0,0,528570,39.5,52.0,16.0,0,5.5,30.0,6.7,2.8,1,3111,0,euthanized
253,1,0,535031,37.5,60.0,48.0,2,2.0,75.0,81.0,2.0,1,2322,0,lived
254,1,0,528298,38.6,40.0,14.0,3,7.0,40.0,7.2,2.8,1,3111,1,lived
255,1,0,534145,35.4,52.0,24.0,2,7.0,57.0,69.0,2.0,1,2124,0,lived
256,1,0,530478,37.8,104.0,35.0,2,6.5,75.0,10.2,4.3,1,2205,1,died
257,1,0,529667,39.0,64.0,36.0,4,7.0,44.0,6.5,6.6,1,2208,1,died
258,1,1,529663,38.0,90.0,48.0,2,4.5,54.0,6.1,2.9,1,3205,0,died
259,1,0,534157,38.2,88.0,30.0,1,2.0,53.0,75.0,2.0,1,2209,0,euthanized
260,0,0,530439,37.8,66.0,28.0,4,4.5,54.0,8.6,2.6,0,2124,0,lived
261,1,0,528469,38.1,92.0,36.0,2,6.5,60.0,8.1,2.6,1,2112,0,died
262,1,0,530242,37.2,108.0,12.0,2,6.0,69.0,8.9,6.0,1,2207,1,died
263,1,0,534624,37.3,78.0,28.0,2,1.0,57.0,80.0,2.0,1,4205,0,euthanized
264,1,0,530034,37.4,76.0,51.0,2,2.0,60.0,6.5,4.6,1,2205,0,died
265,0,0,529628,38.3,48.0,20.0,2,1.0,48.0,7.6,1.0,0,400,1,lived
266,1,0,529663,38.3,60.0,14.0,3,7.0,41.0,6.6,5.0,1,2209,0,lived
267,1,0,528469,37.5,49.0,9.0,3,6.5,49.0,8.0,7.6,0,400,1,lived
268,1,1,530402,40.3,114.0,36.0,2,6.5,57.0,6.0,4.8,1,2205,0,died
269,1,0,530366,38.4,88.0,40.0,3,7.0,44.0,6.1,3.9,0,5400,1,died
270,1,0,529160,38.9,48.0,32.0,3,4.5,39.0,6.6,2.6,1,3111,1,lived
271,1,0,535407,37.3,129.0,24.0,2,2.0,57.0,82.0,2.0,0,2205,0,euthanized
272,1,0,5290409,37.2,108.0,48.0,1,5.4,55.0,6.5,4.5,0,4205,1,died
273,1,0,5287179,37.8,88.0,48.0,2,4.4,48.0,8.6,2.9,1,2208,1,died
274,1,0,528548,37.5,66.0,12.0,2,3.0,44.0,6.0,3.6,1,2124,1,lived
275,0,1,529461,40.3,114.0,36.0,2,7.0,57.0,8.1,2.3,1,7400,1,euthanized
276,1,0,529461,39.2,114.0,36.0,2,7.0,57.0,6.6,3.2,1,2208,0,euthanized
277,1,0,535196,38.3,52.0,12.0,3,2.0,41.0,61.0,2.0,1,2205,0,lived
278,0,0,527677,39.0,86.0,20.0,2,5.0,48.0,6.6,5.3,1,5400,1,died
279,1,0,530233,37.3,64.0,48.0,2,4.5,48.0,7.6,4.5,1,3209,1,died
280,0,1,535043,38.4,56.0,68.0,4,7.0,41.0,77.0,1.0,0,4300,0,lived
281,1,0,526639,38.2,64.0,40.0,2,2.0,41.0,6.6,2.0,1,300,1,died
282,0,0,5301219,39.6,72.0,48.0,2,4.0,66.0,7.5,2.9,1,1400,0,died
283,0,0,528682,38.0,52.0,12.0,3,5.3,42.0,7.2,5.0,0,3111,1,lived
284,0,0,529663,38.3,114.0,36.0,2,6.5,63.0,8.1,3.9,1,3205,0,euthanized
285,1,0,528996,37.2,48.0,12.0,2,5.5,35.0,8.0,5.0,1,2112,1,lived
286,1,0,535196,37.2,88.0,30.0,2,2.0,57.0,66.0,2.0,1,3205,0,euthanized
287,1,0,529703,39.2,64.0,90.0,3,7.0,39.0,6.7,4.5,1,2208,1,died
288,0,0,530242,36.4,108.0,12.0,2,7.0,47.0,8.2,6.0,1,2205,1,died
289,1,0,529126,38.0,88.0,96.0,2,5.5,54.0,6.6,4.3,1,2205,0,died
290,0,0,528178,38.6,48.0,12.0,2,5.0,43.0,7.2,3.6,0,3111,1,lived
291,1,0,529667,38.4,52.0,16.0,4,5.5,45.0,7.0,1.0,1,7111,0,euthanized
292,1,1,5290409,38.2,164.0,84.0,1,5.0,48.0,7.4,3.4,1,2208,1,died
293,1,0,5287179,38.1,136.0,40.0,2,4.4,47.0,4.9,3.9,1,2209,0,died
294,1,0,529796,39.1,52.0,60.0,2,1.0,49.0,10.2,1.6,1,2124,0,lived
295,1,0,534163,38.6,60.0,44.0,1,2.0,55.0,80.0,2.0,1,3205,0,euthanized
296,0,0,527734,37.5,64.0,12.0,2,4.5,43.0,6.6,4.3,0,5400,1,died
297,1,0,5287179,37.7,68.0,20.0,3,3.0,39.0,7.0,7.0,1,3111,1,lived
298,0,0,529840,37.2,112.0,16.0,2,5.0,69.0,6.0,2.6,1,2205,0,lived
299,0,0,529642,38.5,48.0,16.0,3,5.0,49.0,8.1,5.0,0,3111,1,lived
300,1,0,534753,38.6,60.0,30.0,2,1.0,33.0,70.0,1.0,1,2209,1,lived
301,1,0,534963,38.1,52.0,20.0,2,2.0,26.0,75.0,2.0,1,2209,0,lived
302,1,0,529493,38.3,112.0,16.0,0,1.0,51.0,6.0,2.0,1,2208,0,euthanized
303,1,0,534917,37.1,84.0,40.0,2,2.0,75.0,81.0,2.0,1,1400,0,euthanized
304,1,0,528183,37.3,80.0,36.0,2,2.0,44.0,6.8,10.1,1,2205,1,died
305,1,0,529667,39.0,64.0,36.0,2,7.0,40.0,7.0,2.0,1,2113,0,lived
306,1,0,533871,37.5,88.0,20.0,2,2.0,35.0,65.0,2.0,1,2208,0,euthanized
307,1,1,529663,38.0,124.0,36.0,3,4.0,35.0,7.5,4.3,1,7111,1,died
308,0,1,529461,38.6,108.0,40.0,3,5.5,37.0,7.8,4.3,0,1400,1,died
309,1,0,530034,39.8,128.0,36.0,0,5.0,52.0,6.5,3.4,1,5400,0,died
310,1,0,529663,38.0,132.0,12.0,0,7.0,75.0,7.5,6.6,1,2206,1,died
311,0,0,534293,38.2,130.0,48.0,1,2.0,65.0,82.0,2.0,0,2209,1,euthanized
312,1,0,5291329,37.8,60.0,32.0,3,2.0,43.0,8.0,2.6,1,2208,0,died
313,1,0,529160,38.3,132.0,32.0,0,2.0,57.0,8.1,2.0,0,3205,0,euthanized
314,1,1,5287179,38.2,52.0,18.0,3,5.7,48.0,7.2,2.0,1,2205,0,died
315,1,0,534917,37.8,60.0,30.0,2,2.0,46.0,81.0,2.0,1,4205,0,lived
316,0,0,529703,39.0,64.0,40.0,3,7.0,42.0,7.5,2.3,0,5000,1,lived
317,0,0,533885,38.1,60.0,20.0,3,1.0,65.0,81.0,2.0,1,2205,0,euthanized
318,1,0,529518,39.2,86.0,28.0,2,5.4,73.0,6.2,3.4,1,5400,0,died
319,0,0,529461,40.3,114.0,36.0,2,7.0,57.0,8.0,4.8,0,3025,1,died
320,0,0,534157,38.1,86.0,40.0,2,2.0,41.0,65.0,2.0,0,2322,0,euthanized
321,1,0,528890,38.9,80.0,44.0,2,7.0,54.0,54.0,2.0,1,7111,0,died
322,1,0,530360,38.1,52.0,16.0,2,2.0,47.0,6.6,2.0,1,3209,0,euthanized
323,1,0,528548,38.1,66.0,12.0,2,3.0,44.0,6.0,3.6,1,2124,1,lived
324,1,0,5297379,38.8,54.0,24.0,1,6.5,49.0,9.0,4.3,1,2206,1,died
325,0,0,529461,40.3,114.0,36.0,2,7.0,57.0,8.7,4.5,1,7400,1,died
326,1,0,533928,37.8,36.0,24.0,3,2.0,52.0,75.0,2.0,1,2205,0,lived
327,1,0,533836,39.2,100.0,24.0,1,2.0,68.0,64.0,2.0,1,3205,0,lived
328,0,0,528298,38.0,92.0,28.0,1,5.0,45.0,7.5,5.0,0,8300,1,euthanized
329,1,0,534519,38.8,52.0,16.0,3,1.0,42.0,71.0,2.0,0,2113,0,lived
330,0,0,530002,38.2,129.0,51.0,2,2.0,57.0,8.5,2.0,1,2208,1,lived
331,1,0,534519,39.0,66.0,80.0,2,1.0,75.0,81.0,2.0,1,1400,1,euthanized
332,1,0,5290409,38.2,40.0,84.0,2,7.0,54.0,6.4,5.3,1,7400,1,died
333,0,0,534787,38.3,120.0,32.0,2,2.0,64.0,86.0,2.0,1,4205,0,euthanized
334,1,0,521399,39.6,104.0,36.0,3,5.0,59.0,7.5,2.6,1,1400,1,died
335,1,0,534917,37.6,84.0,40.0,2,2.0,75.0,81.0,2.0,1,1400,1,euthanized
336,0,0,527518,38.2,52.0,12.0,3,5.2,48.0,7.5,3.3,1,5205,1,died
337,0,0,535196,38.4,48.0,32.0,3,5.0,41.0,66.0,3.3,1,2207,1,lived
338,1,0,529685,38.4,184.0,58.0,3,7.0,42.0,7.5,1.7,1,2124,1,lived
339,0,0,529272,38.6,52.0,16.0,3,5.5,55.0,7.2,2.1,0,0,1,lived
340,0,0,529663,37.5,48.0,9.0,3,5.5,49.0,8.0,5.0,0,0,1,lived
341,1,0,528151,38.2,136.0,18.0,3,6.2,54.0,7.5,5.3,1,2112,1,lived
342,1,0,530028,38.4,64.0,28.0,2,4.5,50.0,7.2,3.6,1,31110,1,died
343,1,0,529183,37.9,48.0,14.0,3,5.7,47.0,6.5,5.3,0,3111,0,lived
344,0,0,528548,38.1,54.0,28.0,3,3.0,43.0,7.0,3.6,0,2124,1,lived
345,0,0,5297379,38.0,84.0,48.0,2,4.5,49.0,6.6,2.6,1,4205,0,died
346,0,0,530301,38.6,104.0,12.0,2,1.0,51.0,6.5,1.0,0,3111,0,euthanized
347,0,0,527544,37.7,88.0,36.0,3,4.0,50.0,7.0,3.9,0,0,0,lived
348,0,0,529461,40.3,114.0,36.0,2,7.0,57.0,8.1,2.6,1,7400,0,euthanized
349,1,0,529893,39.1,52.0,16.0,2,5.3,45.0,7.2,5.4,1,2208,1,lived
350,1,0,527709,38.9,48.0,24.0,2,7.0,37.0,6.6,1.4,1,7209,1,lived
351,0,0,529796,37.5,48.0,28.0,4,3.5,44.0,9.1,4.5,0,3111,1,lived
352,1,1,5294369,38.9,120.0,40.0,2,7.0,47.0,54.0,2.0,1,2124,0,lived
353,1,0,528523,38.1,66.0,12.0,2,3.0,50.0,7.0,3.6,1,2208,1,lived
354,1,0,535043,39.3,88.0,51.0,1,2.0,66.0,13.0,2.0,1,2113,1,lived
355,0,1,528702,39.1,114.0,36.0,2,4.4,47.0,6.2,3.9,0,2208,1,euthanized
356,0,0,530478,38.1,60.0,16.0,3,6.5,42.0,7.2,8.0,0,3111,1,lived
357,1,0,5290759,37.2,108.0,30.0,0,5.3,40.0,8.6,4.3,1,3111,1,lived
358,1,0,528248,37.5,48.0,12.0,3,5.5,38.0,7.2,2.6,0,31110,1,lived
359,0,0,528469,38.5,68.0,12.0,2,5.3,44.0,7.0,1.6,0,0,1,lived
360,1,0,530002,39.1,100.0,51.0,2,4.4,52.0,7.8,2.9,1,2124,1,lived
361,1,0,529642,40.8,108.0,12.0,2,4.0,48.0,8.3,4.3,1,2205,1,died
362,0,0,530002,38.5,52.0,51.0,3,5.5,53.0,7.2,2.9,1,2124,0,lived
363,1,0,527758,38.1,84.0,20.0,0,5.0,49.0,9.1,4.3,1,2208,1,lived
364,0,0,529663,38.1,114.0,24.0,2,4.0,57.0,6.1,4.4,1,2208,1,died
365,0,0,529172,37.6,96.0,40.0,2,4.5,60.0,7.5,2.8,0,4300,1,died
366,1,0,534069,38.4,52.0,40.0,3,7.0,40.0,7.5,2.8,1,1400,0,euthanized
367,1,0,535085,39.5,114.0,48.0,2,7.0,59.0,8.0,2.0,1,2208,0,died
368,1,0,535043,37.4,100.0,51.0,1,2.0,66.0,13.0,2.0,1,2208,0,euthanized
369,1,0,534933,37.5,84.0,36.0,2,2.0,48.0,64.0,2.0,0,1400,0,euthanized
370,1,0,529428,39.4,108.0,24.0,2,7.0,52.0,6.5,4.5,1,2124,0,euthanized
371,1,0,527933,38.1,48.0,16.0,3,7.0,49.0,7.2,8.0,1,31110,1,lived
372,0,0,523190,38.0,112.0,36.0,2,5.2,73.0,8.5,8.0,1,1400,1,euthanized
373,0,0,528729,38.1,48.0,24.0,3,7.0,49.0,8.5,1.3,0,0,1,lived
374,1,0,529667,39.0,64.0,36.0,2,7.0,59.0,8.5,2.0,1,2113,0,lived
375,0,0,529183,37.5,96.0,18.0,1,4.0,47.0,7.5,4.1,1,2205,0,died
376,1,0,533928,37.3,60.0,24.0,3,2.0,52.0,75.0,2.0,1,2205,1,euthanized
377,1,0,529172,37.3,40.0,30.0,2,6.5,51.0,8.1,4.3,1,2208,1,lived
378,1,0,5290482,38.2,52.0,20.0,2,5.0,28.0,7.7,4.3,1,3111,1,lived
379,1,0,530526,36.1,98.0,40.0,2,7.0,47.0,7.0,3.2,1,2208,1,lived
380,1,0,533847,38.3,60.0,24.0,2,2.0,55.0,64.0,2.0,1,3205,0,euthanized
381,1,0,5294369,38.7,100.0,20.0,3,7.0,40.0,7.0,8.0,1,3111,1,lived
382,0,0,528247,38.0,48.0,16.0,2,5.0,48.0,7.2,3.7,0,400,0,lived
383,1,0,528729,37.0,52.0,12.0,2,5.0,44.0,8.1,1.6,1,2208,1,lived
384,1,0,530251,38.6,88.0,14.0,2,3.5,47.0,5.7,3.0,1,31110,1,lived
385,1,0,533738,37.5,48.0,16.0,3,5.5,36.0,56.0,3.4,0,3113,0,lived
386,1,0,527706,37.8,84.0,32.0,2,7.0,45.0,6.6,2.3,1,2202,0,died
387,0,0,521399,37.1,96.0,36.0,2,5.0,48.0,7.2,5.3,1,1400,1,died
388,1,0,534197,38.3,40.0,20.0,2,1.0,41.0,60.0,2.0,1,2209,0,euthanized
389,1,0,533836,37.8,100.0,48.0,2,2.0,68.0,64.0,2.0,1,2205,0,euthanized
390,1,0,527698,38.5,164.0,36.0,1,4.0,60.0,6.1,3.2,1,3205,1,died
391,1,0,528469,38.1,66.0,12.0,2,3.0,54.0,7.5,2.6,1,2206,1,died
392,1,0,527544,37.6,84.0,36.0,3,4.5,45.0,6.6,3.7,1,12208,0,died
393,0,0,529461,40.3,114.0,36.0,2,7.0,57.0,7.4,4.5,1,3205,1,died
394,1,0,534145,38.1,104.0,40.0,2,2.0,57.0,74.0,2.0,1,2209,0,euthanized
395,1,1,530693,37.8,96.0,21.0,2,4.5,44.0,7.4,4.7,1,2112,1,died
396,1,0,529461,37.9,84.0,36.0,1,5.5,33.0,6.6,10.1,1,2205,0,died
397,1,0,528800,37.8,48.0,12.0,2,2.0,50.0,7.0,5.0,1,2205,1,euthanized
398,1,0,529865,37.8,60.0,12.0,2,6.0,37.0,7.0,3.3,1,2207,1,lived
399,1,0,528548,38.3,96.0,28.0,2,4.3,65.0,7.0,2.8,1,4205,1,died
400,1,0,528570,38.0,66.0,12.0,2,3.0,45.0,6.0,2.0,1,31110,1,died
401,1,0,529373,38.7,48.0,16.0,2,7.0,44.0,6.6,2.3,1,4205,1,died
402,1,0,527563,37.6,72.0,30.0,3,5.7,48.0,6.8,3.7,1,5400,0,died
403,1,1,5290409,38.1,66.0,12.0,3,5.0,44.0,7.5,2.6,1,2112,1,died
404,0,0,529461,38.3,48.0,12.0,2,1.5,49.0,6.0,2.6,0,5000,1,lived
405,1,0,529399,38.1,88.0,12.0,2,2.0,51.0,64.0,2.0,1,2208,0,died
406,0,0,528996,38.6,48.0,12.0,3,5.0,49.0,8.1,5.0,0,0,1,lived
407,1,0,534579,38.8,68.0,22.0,2,2.0,75.0,81.0,1.0,1,2112,0,lived
408,1,0,535292,37.5,120.0,36.0,1,2.0,69.0,82.0,2.0,1,3205,0,lived
409,0,0,528620,38.3,52.0,16.0,4,4.3,37.0,7.0,2.9,0,0,0,lived
410,1,0,529135,38.2,100.0,51.0,2,2.0,43.0,8.1,2.0,1,4205,0,died
411,1,0,527526,36.1,96.0,21.0,2,3.0,48.0,6.6,3.6,1,2209,1,died
412,1,0,527463,37.5,104.0,18.0,3,5.0,69.0,8.0,5.3,1,2208,1,lived
413,1,0,534925,38.6,104.0,40.0,1,2.0,71.0,85.0,2.0,1,2209,0,euthanized
414,1,0,529461,38.6,72.0,20.0,2,3.0,40.0,7.6,2.6,1,400,1,died
415,0,0,530242,37.2,108.0,12.0,2,6.0,52.0,8.2,7.4,1,2207,1,euthanized
416,0,0,528996,38.6,52.0,20.0,3,5.5,36.0,6.6,5.0,0,0,1,lived
417,1,0,528729,38.4,66.0,32.0,2,5.5,41.0,6.4,4.3,1,2208,0,lived
418,1,0,528996,37.1,48.0,12.0,2,4.0,42.0,6.3,3.9,1,0,1,lived
419,0,0,529424,38.4,52.0,24.0,4,7.5,37.0,6.8,5.0,0,2124,0,lived
420,1,1,529340,38.3,184.0,30.0,2,4.0,48.0,6.1,4.5,1,2205,1,died
421,1,0,534519,37.5,72.0,24.0,2,2.0,75.0,81.0,2.0,0,1400,0,euthanized
422,0,0,528630,37.8,88.0,16.0,3,1.0,52.0,7.0,2.0,0,3205,1,euthanized
423,1,0,534280,37.2,88.0,24.0,2,2.0,57.0,82.0,2.0,1,2322,0,euthanized
424,1,0,530693,38.6,108.0,12.0,2,5.4,48.0,7.5,2.0,1,3205,0,died
425,1,0,528006,35.4,88.0,32.0,2,4.0,55.0,6.6,3.6,1,2209,1,euthanized
426,1,0,530310,39.5,88.0,28.0,1,1.0,54.0,7.6,3.4,0,4205,0,died
427,1,0,526802,37.5,48.0,16.0,3,5.0,45.0,7.5,2.0,1,3124,0,lived
428,0,0,528570,38.4,72.0,36.0,2,2.0,64.0,8.2,2.8,1,7111,0,euthanized
429,1,1,529667,39.4,120.0,48.0,1,7.0,43.0,7.4,2.1,1,2112,0,died
430,1,0,535029,37.1,84.0,20.0,2,2.0,75.0,81.0,2.0,0,1400,0,euthanized
431,1,0,528743,38.8,88.0,24.0,1,3.0,37.0,4.5,3.9,1,7111,1,died
432,1,1,529388,38.9,96.0,12.0,1,4.5,50.0,7.5,3.4,1,2208,1,died
433,0,0,535330,38.2,129.0,48.0,2,2.0,57.0,66.0,2.0,1,2209,0,euthanized
434,1,1,5287179,38.1,136.0,48.0,2,4.4,33.0,4.9,2.9,1,2205,1,died
435,0,0,532985,39.2,104.0,48.0,2,2.0,66.0,8.2,2.0,0,1400,1,died
436,1,0,530310,38.5,36.0,18.0,3,3.0,43.0,6.5,3.2,1,2208,1,died
437,1,0,535043,39.7,108.0,51.0,2,2.0,58.0,13.0,2.0,0,2113,1,euthanized
438,1,0,528641,38.3,40.0,20.0,2,5.5,48.0,7.5,6.6,1,2208,1,euthanized
439,0,0,528548,37.8,80.0,44.0,2,3.0,47.0,6.4,5.2,1,2300,1,died
440,1,0,530526,37.9,48.0,20.0,2,7.0,31.5,6.0,3.9,1,3111,1,lived
441,0,0,534145,36.1,88.0,32.0,2,1.0,50.0,55.0,2.0,1,2209,1,euthanized
442,0,0,5290409,37.0,66.0,16.0,4,7.0,69.0,5.7,2.9,1,2209,1,died
443,1,0,528890,40.3,80.0,36.0,2,7.0,54.0,6.5,3.4,1,3205,1,died
444,1,0,528743,37.1,75.0,36.0,0,5.0,48.0,7.5,3.4,1,12208,1,died
445,1,0,530526,38.9,140.0,20.0,2,7.0,57.0,6.5,3.9,1,3113,1,lived
446,1,1,528668,38.8,129.0,40.0,2,5.0,34.0,7.6,8.0,1,2206,1,lived
447,1,0,529461,38.5,114.0,36.0,2,7.0,57.0,8.1,4.5,1,2208,0,died
448,1,0,527365,39.1,88.0,20.0,2,2.0,52.0,89.0,3.4,1,2208,1,euthanized
449,1,0,527709,38.8,129.0,51.0,3,6.2,57.0,8.0,6.6,1,2206,0,lived
450,1,1,5301219,38.2,128.0,36.0,2,6.0,57.0,8.9,4.5,1,2209,1,died
451,1,0,530366,37.5,60.0,12.0,3,4.0,45.0,6.6,4.5,1,2208,1,lived
452,1,0,527706,37.5,86.0,24.0,1,4.5,56.0,7.8,3.9,1,2205,1,died
453,1,0,5287179,36.0,114.0,36.0,2,4.5,44.0,6.2,4.3,1,2208,1,died
454,0,0,528469,38.1,92.0,28.0,2,7.0,40.0,6.8,2.6,0,2113,1,lived
455,1,0,527544,38.5,56.0,30.0,2,2.0,43.0,7.5,2.0,1,2205,0,died
456,0,0,528742,37.8,44.0,12.0,3,5.0,32.0,7.0,4.7,0,0,1,lived
457,1,0,530001,38.6,48.0,16.0,2,6.5,32.0,6.5,6.0,1,2209,1,euthanized
458,0,1,529888,40.3,114.0,36.0,2,7.0,48.0,6.5,4.5,1,7400,0,died
459,1,0,530002,39.6,88.0,51.0,2,4.5,73.0,6.6,2.6,0,2208,0,died
460,0,0,529518,38.3,96.0,25.0,2,6.5,45.0,6.7,3.0,1,3115,0,died
461,1,0,528548,37.3,48.0,12.0,2,3.0,44.0,6.0,3.6,1,2124,1,lived
462,1,0,530612,37.3,88.0,24.0,2,1.0,66.0,6.0,3.4,1,2208,0,euthanized
463,0,0,534004,38.1,88.0,32.0,2,1.0,55.0,60.0,2.0,0,2209,0,euthanized
464,0,0,529703,38.2,52.0,24.0,3,5.5,52.0,8.1,1.6,0,11300,1,lived
465,1,0,529667,39.1,48.0,32.0,3,6.5,41.0,7.5,2.6,1,2209,0,lived
466,0,0,534183,38.5,92.0,30.0,2,2.0,52.0,81.0,2.0,1,3205,0,euthanized
467,0,0,529399,39.3,120.0,24.0,2,5.0,65.0,8.5,3.4,0,2111,1,died
468,0,0,529796,38.0,52.0,24.0,3,5.3,38.0,7.3,5.0,0,0,1,lived
469,1,0,528006,39.2,112.0,16.0,2,5.0,50.0,7.0,2.9,0,2209,1,lived
470,0,0,528299,38.3,52.0,12.0,3,5.0,32.0,6.0,1.6,0,3111,1,lived
471,0,0,534092,39.5,108.0,51.0,2,2.0,50.0,13.0,2.0,1,2113,1,lived
472,1,0,533902,37.8,48.0,12.0,3,4.0,41.0,70.0,2.0,1,7209,1,lived
473,0,0,529642,37.6,48.0,18.0,2,5.5,42.0,7.4,2.8,0,3111,0,lived
474,1,0,527563,37.8,52.0,24.0,3,5.7,48.0,6.6,3.7,1,5400,0,died
475,0,0,530544,37.4,48.0,12.0,3,5.0,49.0,8.0,5.0,0,0,0,lived
476,0,0,528151,39.3,114.0,36.0,4,7.0,50.0,7.9,6.0,0,4124,1,died
477,1,0,530301,38.6,48.0,24.0,3,6.0,45.0,6.4,3.6,1,4205,1,died
478,0,0,534135,38.1,40.0,16.0,0,1.0,31.0,75.0,1.0,1,2208,0,euthanized
479,1,0,529796,37.8,96.0,24.0,2,5.0,52.0,7.5,4.5,1,5400,0,died
480,1,0,534115,38.5,60.0,10.0,2,2.0,50.0,77.0,2.0,1,0,0,lived
481,1,0,534788,37.5,48.0,30.0,3,2.0,48.0,74.0,2.0,0,5111,0,lived
482,0,0,530381,38.1,124.0,40.0,2,2.0,55.0,8.1,2.0,1,2208,0,euthanized
483,1,0,527518,36.6,82.0,36.0,1,4.5,45.0,7.0,2.0,1,2209,1,lived
484,0,0,529703,38.0,56.0,40.0,3,7.0,40.0,7.5,2.3,0,5000,1,lived
485,0,0,529498,37.8,114.0,36.0,2,7.0,55.0,8.1,4.5,1,2205,0,lived
486,1,0,528178,37.7,66.0,12.0,3,4.0,31.5,6.1,4.3,1,2208,1,lived
487,1,0,534787,38.0,36.0,24.0,2,2.0,52.0,75.0,2.0,0,3111,0,euthanized
488,1,0,529461,36.5,114.0,36.0,2,7.0,57.0,8.1,4.5,1,3205,0,died
489,0,1,529172,37.4,84.0,30.0,2,6.5,48.0,7.5,2.5,1,2300,0,died
490,1,0,535043,39.3,100.0,51.0,1,2.0,68.0,13.0,2.0,1,2205,1,euthanized
491,1,0,5299629,38.0,40.0,26.0,3,7.0,45.0,5.9,1.3,1,2205,1,lived
492,1,0,533942,36.7,100.0,24.0,2,2.0,52.0,75.0,2.0,1,2205,0,euthanized
493,1,0,534324,39.2,48.0,28.0,3,5.5,41.0,68.0,2.0,1,2209,1,lived
494,1,0,5287179,38.3,88.0,28.0,3,4.5,48.0,6.1,2.6,1,5206,0,died
495,1,0,528523,38.0,66.0,16.0,3,3.0,43.0,3.7,3.6,1,3133,1,lived
496,0,0,529135,38.8,86.0,16.0,2,7.0,73.0,8.2,10.1,1,4205,1,died
497,0,0,529272,38.3,112.0,16.0,1,1.0,51.0,6.0,1.0,1,5205,1,euthanized
498,1,1,529642,37.5,84.0,40.0,2,3.0,43.0,6.0,2.6,1,7111,1,lived
499,1,0,527563,39.2,128.0,36.0,1,5.0,57.0,6.3,3.4,1,3205,0,died
500,0,0,529667,39.0,56.0,40.0,2,7.0,44.0,7.5,2.5,0,2113,1,lived
501,1,0,533902,36.9,96.0,28.0,2,2.0,55.0,82.0,2.0,1,3205,0,died
502,0,0,530001,38.6,88.0,28.0,4,7.0,37.0,6.6,3.2,1,5400,1,lived
503,0,0,528183,37.1,66.0,8.0,3,3.5,48.0,6.8,2.3,1,2208,1,died
504,0,0,535029,38.2,40.0,12.0,2,2.0,33.0,51.0,2.0,0,1400,0,euthanized
505,0,0,530693,37.8,48.0,30.0,3,5.0,37.0,6.5,2.6,1,2209,0,lived
506,1,0,529304,37.7,84.0,48.0,2,7.5,63.0,8.4,2.0,1,2208,0,died
507,1,0,5287179,37.8,124.0,30.0,2,6.5,52.0,7.5,2.6,1,5124,0,died
508,1,0,530384,38.0,88.0,36.0,2,4.5,45.0,6.8,6.6,1,31110,1,died
509,1,0,528743,37.8,75.0,36.0,3,5.0,48.0,7.4,3.2,1,1400,0,died
510,1,0,529475,38.3,52.0,24.0,1,7.0,45.0,7.5,1.3,1,2207,0,lived
511,1,0,530001,39.1,86.0,24.0,2,6.5,59.0,6.5,4.8,1,3205,0,died
512,1,0,528743,37.1,75.0,36.0,1,5.0,48.0,7.4,3.2,1,12208,0,died
513,1,0,528214,38.6,48.0,20.0,0,3.0,42.0,7.5,3.2,1,2205,1,died
514,0,0,534787,38.0,50.0,20.0,3,1.0,36.0,61.0,2.0,0,0,1,lived
515,1,0,527957,38.8,60.0,20.0,2,7.0,52.0,7.0,6.0,0,3111,0,lived
516,1,0,530366,38.2,96.0,20.0,3,5.2,47.0,6.2,5.3,1,31110,1,died
517,0,0,529461,40.3,114.0,36.0,2,7.0,57.0,8.1,4.5,1,7400,0,died
518,1,0,530526,37.6,48.0,30.0,2,3.0,35.0,7.5,2.8,1,3111,0,lived
519,1,0,528469,38.1,52.0,24.0,3,7.0,44.0,7.5,2.6,1,2206,0,died
520,0,0,529272,38.5,60.0,12.0,2,7.0,49.0,8.5,5.0,0,3111,1,lived
521,0,0,533723,39.3,80.0,30.0,1,2.0,68.0,70.0,2.0,1,3025,0,lived
522,1,0,526802,39.0,96.0,40.0,2,5.3,43.0,7.5,2.0,1,3025,1,died
523,1,0,535163,37.8,78.0,20.0,2,2.0,37.0,66.0,2.0,1,2207,0,euthanized
524,1,0,528214,37.2,72.0,30.0,2,3.0,44.0,6.0,3.6,1,2209,1,lived
525,1,0,528668,38.1,60.0,24.0,2,3.0,43.0,6.1,3.6,1,2208,0,lived
526,0,0,529461,36.1,114.0,48.0,2,5.0,57.0,7.4,4.5,1,1400,1,died
527,1,0,522979,37.6,75.0,60.0,2,1.0,45.0,8.5,1.0,1,4205,1,died
528,1,1,528931,38.1,84.0,36.0,2,7.2,57.0,8.0,4.3,1,3111,0,lived
529,1,0,534403,38.3,40.0,20.0,0,1.0,36.0,62.0,2.0,0,2208,0,euthanized
530,0,0,530561,38.3,112.0,24.0,2,7.0,57.0,4.5,2.6,0,400,1,lived
531,0,0,533692,38.5,48.0,16.0,3,2.0,34.0,64.0,1.0,0,0,0,lived
532,0,0,528804,38.3,48.0,24.0,3,5.0,43.0,7.0,5.0,0,3111,1,lived
533,0,0,5290482,39.5,84.0,20.0,2,6.5,35.0,6.7,1.5,1,4205,0,euthanized
534,1,0,534756,37.1,80.0,36.0,2,2.0,65.0,82.0,2.0,0,1400,0,euthanized
535,0,0,529461,40.3,84.0,36.0,2,7.0,57.0,8.1,4.5,1,3205,1,lived
536,1,1,529685,37.5,66.0,40.0,4,4.0,35.0,5.5,2.6,1,5400,1,died
537,0,0,530401,36.7,108.0,36.0,2,4.5,54.0,6.4,2.6,1,5400,0,died
538,0,0,529461,40.3,114.0,36.0,2,7.0,57.0,6.2,3.2,1,3205,0,died
539,0,0,529461,40.3,114.0,44.0,2,7.0,57.0,8.1,4.5,1,7111,1,euthanized
540,1,0,535158,40.8,92.0,22.0,2,2.0,65.0,65.0,2.0,1,2208,1,lived
541,1,0,529777,39.9,60.0,24.0,2,4.5,47.0,7.2,2.0,1,3205,0,died
542,1,1,5294369,38.0,136.0,48.0,2,3.0,33.0,6.1,2.1,1,2124,1,lived
543,1,0,528743,37.4,75.0,36.0,0,5.0,48.0,7.5,3.2,1,12208,1,died
544,1,0,529796,38.0,100.0,24.0,1,2.0,75.0,6.5,2.0,1,2209,0,euthanized
545,0,0,5299629,37.8,52.0,12.0,3,5.0,40.0,7.0,2.1,0,0,1,lived
546,0,0,530670,37.7,88.0,24.0,2,1.0,44.0,6.0,3.4,1,1400,1,died
547,1,0,5290481,38.0,64.0,28.0,3,3.5,44.0,5.5,3.9,1,2205,1,lived
548,1,0,529461,38.5,72.0,44.0,2,4.5,53.0,8.6,4.3,1,2112,1,died
549,1,0,527463,37.3,96.0,18.0,3,5.0,69.0,8.9,6.0,1,2207,1,died
550,1,0,534756,38.2,96.0,20.0,2,2.0,41.0,65.0,2.0,1,3205,0,lived
551,1,0,527883,38.5,129.0,48.0,2,4.5,48.0,7.4,2.6,1,2205,1,lived
552,1,0,534053,38.2,100.0,51.0,2,2.0,57.0,69.0,2.0,0,1400,0,euthanized
553,1,0,535130,38.1,48.0,32.0,2,5.0,37.0,6.0,3.3,1,6112,0,lived
554,0,0,527463,40.3,114.0,36.0,2,6.5,68.0,7.6,4.7,1,2209,0,died
555,1,0,527563,38.5,52.0,24.0,3,5.7,48.0,6.6,3.7,1,5400,1,died
556,0,0,530002,39.2,108.0,51.0,2,1.0,66.0,13.0,2.0,0,4300,1,euthanized
557,1,0,5290759,37.5,90.0,32.0,2,7.0,44.0,8.1,4.7,1,1400,0,died
558,1,0,529796,37.6,88.0,48.0,2,6.5,48.0,4.5,3.4,1,3205,1,died
559,1,0,533692,38.7,120.0,10.0,0,1.0,34.0,75.0,1.0,1,3111,0,lived
560,0,0,528996,38.6,52.0,12.0,3,5.0,44.0,7.3,1.6,0,0,1,lived
561,0,0,530242,37.2,108.0,12.0,2,6.0,52.0,8.2,7.4,1,2207,1,euthanized
562,0,1,529642,37.0,88.0,36.0,2,6.8,45.0,7.2,4.5,0,2112,1,lived
563,1,0,528183,38.2,52.0,96.0,3,5.7,39.0,7.6,3.7,1,2208,1,lived
564,1,0,530170,37.5,44.0,12.0,2,7.0,37.0,6.1,2.0,1,3209,0,died
565,1,0,528469,39.0,88.0,28.0,3,7.0,64.0,7.6,2.6,1,2208,0,died
566,1,0,5290481,37.2,60.0,18.0,3,5.5,32.0,6.2,3.7,1,2124,1,lived
567,1,0,533836,38.3,52.0,16.0,2,2.0,68.0,64.0,2.0,1,31110,1,lived
568,1,0,534069,38.0,48.0,16.0,3,2.0,52.0,6.6,1.0,0,5206,0,euthanized
569,1,0,534145,37.1,76.0,20.0,3,2.0,52.0,75.0,2.0,1,3205,0,euthanized
570,0,0,529888,37.6,40.0,12.0,2,3.0,47.0,7.0,3.0,0,400,1,lived
571,0,0,528548,37.8,52.0,24.0,3,5.0,32.0,6.2,5.0,0,0,1,lived
572,0,0,528743,36.8,52.0,44.0,3,7.5,48.0,8.5,2.5,0,5000,1,lived
573,1,0,530544,38.1,70.0,32.0,2,3.0,32.0,6.0,3.9,1,3111,1,lived
574,1,0,527758,39.1,100.0,36.0,2,7.5,54.0,6.2,3.6,1,2206,0,lived
575,1,0,527706,38.1,60.0,12.0,4,7.0,47.0,6.1,3.3,1,7209,1,died
576,1,1,529388,38.0,112.0,24.0,2,4.5,75.0,4.5,3.3,1,2207,1,died
577,1,1,529461,37.1,84.0,36.0,2,4.0,47.0,6.1,4.3,1,5400,1,died
578,1,0,528548,38.0,60.0,16.0,2,3.0,40.0,6.0,3.6,1,2209,1,lived
579,0,0,527563,38.6,108.0,18.0,2,5.7,50.0,7.6,4.8,1,2208,0,died
580,1,0,534004,38.0,88.0,20.0,2,2.0,43.0,75.0,2.0,1,2209,0,euthanized
581,0,0,528742,39.3,66.0,16.0,3,7.0,48.0,8.1,7.0,0,0,0,lived
582,1,0,535029,37.5,112.0,12.0,1,2.0,54.0,57.0,2.0,1,4205,0,euthanized
583,1,0,528298,36.5,72.0,24.0,1,2.0,65.0,7.0,3.4,1,5400,1,died
584,1,1,5290409,39.1,164.0,84.0,1,5.0,48.0,7.2,5.3,1,2208,1,died
585,1,0,530478,38.5,86.0,12.0,2,4.4,45.0,6.5,2.8,1,3209,0,died
586,1,1,5291719,38.3,164.0,84.0,1,5.2,48.0,7.5,5.2,1,1400,1,died
587,1,0,529498,38.2,66.0,24.0,2,5.3,47.0,7.0,2.0,1,3111,1,lived
588,0,0,529461,40.3,114.0,36.0,1,4.5,57.0,8.1,5.3,0,3205,1,died
589,1,0,527518,36.6,96.0,12.0,2,2.0,66.0,8.6,3.4,1,2112,0,lived
590,0,1,529642,38.1,84.0,40.0,2,4.0,47.0,4.5,1.6,0,0,1,died
591,1,0,528570,38.9,64.0,21.0,3,3.0,43.0,7.0,3.6,1,2209,1,lived
592,1,0,535029,39.1,100.0,51.0,2,2.0,50.0,7.5,1.0,1,5400,0,euthanized
593,0,0,529685,37.3,64.0,30.0,2,4.5,39.0,6.7,4.5,0,1400,1,died
594,0,0,529424,38.9,60.0,16.0,3,7.0,49.0,5.9,7.0,0,0,1,lived
595,0,0,529373,37.8,88.0,16.0,3,5.5,55.0,6.0,1.0,1,3205,0,euthanized
596,0,0,530242,37.2,108.0,12.0,2,6.0,52.0,8.2,2.0,1,2208,0,euthanized
597,1,0,528742,38.4,80.0,32.0,1,7.0,52.0,6.6,4.1,1,2208,0,died
598,1,0,529642,38.5,88.0,30.0,2,5.5,50.0,7.5,4.1,1,2206,0,died
599,1,0,529642,38.9,84.0,36.0,2,4.5,45.0,6.2,2.6,1,3025,1,died
600,1,1,5290409,38.8,164.0,84.0,1,5.0,45.0,7.2,5.3,1,2208,1,died
601,1,1,530693,37.6,160.0,36.0,2,4.5,35.0,6.9,2.9,1,1400,0,died
602,1,0,529667,38.2,60.0,28.0,3,6.5,39.0,4.6,2.6,0,3111,1,lived
603,0,0,529461,40.3,114.0,36.0,2,7.0,63.0,8.1,4.5,1,7400,1,euthanized
604,1,0,527734,37.9,50.0,24.0,2,2.0,39.0,4.5,3.6,1,2208,0,euthanized
605,1,1,529703,38.0,124.0,70.0,2,4.0,57.0,8.8,5.3,1,2208,1,lived
606,1,0,533692,37.2,120.0,40.0,2,2.0,57.0,64.0,2.0,1,3205,0,euthanized
607,0,0,528996,38.6,52.0,20.0,3,5.5,36.0,6.6,5.0,0,3111,1,lived
608,1,0,534556,39.4,108.0,20.0,2,2.0,75.0,67.0,1.0,1,2207,0,euthanized
609,1,0,528006,37.2,48.0,16.0,3,4.5,41.0,11.2,2.6,1,2206,1,lived
610,1,0,535163,38.1,130.0,48.0,1,2.0,57.0,66.0,2.0,1,3205,0,euthanized
611,1,0,534293,38.6,84.0,30.0,2,2.0,75.0,81.0,2.0,1,2209,0,lived
612,1,0,533928,37.5,84.0,36.0,3,2.0,52.0,75.0,2.0,1,2205,0,died
613,1,0,529461,38.4,60.0,51.0,2,2.0,45.0,6.5,4.1,1,2205,0,died
614,1,0,534403,37.2,86.0,30.0,1,2.0,36.0,62.0,1.0,0,1400,0,euthanized
615,1,0,534403,37.2,66.0,32.0,2,2.0,44.0,77.0,1.0,1,2205,0,lived
616,1,0,528548,38.3,60.0,16.0,2,3.5,43.0,6.5,3.6,1,2124,0,lived
617,1,0,529183,38.3,60.0,28.0,3,4.5,40.0,4.5,2.0,1,3111,1,lived
618,1,0,529736,39.3,64.0,88.0,3,7.0,43.0,6.4,4.5,1,7400,1,died
619,1,0,535176,37.3,80.0,40.0,2,2.0,65.0,50.0,2.0,1,3205,1,euthanized
620,1,0,535043,38.3,72.0,60.0,1,2.0,53.0,53.0,2.0,1,3205,0,euthanized
621,1,1,5290409,39.1,164.0,84.0,1,5.0,48.0,7.2,5.3,1,2208,1,died
622,1,0,527563,37.6,52.0,24.0,2,5.7,48.0,6.6,3.7,1,2205,0,died
623,0,0,528461,38.3,54.0,40.0,3,7.0,35.0,5.9,7.4,0,3111,1,lived
624,0,0,529667,37.4,52.0,28.0,3,1.0,39.0,6.9,3.4,0,3111,1,lived
625,1,0,528641,37.6,72.0,36.0,2,4.4,33.0,3.5,3.9,1,2208,1,died
626,1,0,527698,37.3,64.0,36.0,2,6.0,66.0,5.8,7.4,1,2205,0,died
627,1,0,528151,38.4,60.0,20.0,4,6.5,48.0,7.6,3.9,1,2208,0,lived
628,1,0,533871,38.6,120.0,20.0,0,2.0,68.0,64.0,2.0,1,3205,0,lived
629,1,0,535407,38.5,129.0,48.0,2,2.0,57.0,66.0,2.0,1,3205,0,lived
630,1,0,530028,38.6,104.0,24.0,2,5.3,52.0,6.5,2.6,1,2208,1,died
631,1,0,530693,36.5,90.0,24.0,2,5.0,52.0,6.0,3.9,1,4205,0,died
632,0,0,529461,40.3,114.0,36.0,2,7.0,57.0,8.1,4.5,1,7400,1,euthanized
633,1,0,528729,38.1,60.0,80.0,2,5.0,48.0,4.3,3.4,1,2205,1,died
634,1,0,528729,37.5,42.0,24.0,3,4.4,40.0,7.7,3.4,1,2208,1,died
635,1,0,534787,38.0,36.0,16.0,2,2.0,37.0,75.0,1.0,0,3111,0,euthanized
636,1,0,534519,37.1,84.0,40.0,2,2.0,75.0,81.0,2.0,0,1400,1,euthanized
637,1,0,529461,39.3,86.0,36.0,2,6.5,36.0,5.3,3.6,1,31110,1,died
638,0,0,528214,38.0,60.0,20.0,2,4.5,43.0,7.6,2.0,1,2209,1,euthanized
639,1,0,527563,38.0,48.0,21.0,3,5.0,48.0,6.3,3.7,1,5400,1,lived
640,1,0,528548,38.1,66.0,12.0,2,3.0,44.0,6.0,3.6,1,2124,0,lived
641,0,0,529893,38.3,44.0,20.0,3,4.5,43.0,6.5,5.0,0,2209,1,lived
642,0,0,528682,38.3,48.0,16.0,3,3.0,49.0,7.5,3.0,0,0,1,lived
643,1,1,528904,38.0,132.0,68.0,3,7.0,54.0,7.5,1.4,1,7209,0,died
644,1,0,535043,38.1,84.0,66.0,2,2.0,75.0,81.0,2.0,1,2208,0,euthanized
645,0,0,528461,36.7,48.0,20.0,3,7.0,34.0,6.5,2.6,0,0,0,lived
646,1,0,530001,39.0,88.0,24.0,2,5.3,64.0,6.7,2.6,1,2206,1,died
647,1,0,533738,37.8,88.0,24.0,2,2.0,68.0,80.0,1.0,0,2205,0,euthanized
648,1,1,529518,38.0,128.0,48.0,2,4.2,35.0,7.2,4.5,1,3025,1,died
649,0,0,528996,38.5,44.0,12.0,3,7.0,43.0,7.5,8.1,0,0,1,lived
650,0,0,529663,40.3,114.0,36.0,2,7.0,57.0,8.1,4.5,1,7400,1,died
651,1,0,528743,37.1,75.0,36.0,0,5.0,48.0,7.4,3.2,1,12208,1,lived
652,1,0,527463,37.1,84.0,24.0,2,5.0,73.0,5.5,3.7,1,5400,1,died
653,1,0,529493,38.3,54.0,10.0,3,6.5,48.0,7.2,3.3,0,5400,0,died
654,1,0,528630,37.7,72.0,28.0,3,7.0,36.0,5.0,3.9,1,3205,1,lived
655,1,0,534925,38.5,72.0,28.0,1,2.0,75.0,81.0,2.0,0,2111,1,lived
656,1,0,535292,39.2,88.0,32.0,2,4.0,66.0,84.0,2.0,1,4205,1,lived
657,1,0,528548,38.8,66.0,12.0,2,3.0,44.0,6.0,3.6,1,2124,1,lived
658,1,0,534787,39.3,44.0,12.0,2,2.0,51.0,51.0,2.0,1,2206,0,lived
659,1,0,534784,37.2,36.0,16.0,2,2.0,37.0,75.0,2.0,0,2322,0,euthanized
660,1,0,5297159,37.8,84.0,36.0,0,5.0,32.0,6.0,4.3,1,5206,0,euthanized
661,1,0,529160,37.8,72.0,30.0,1,2.0,52.0,75.0,2.0,1,3205,0,lived
662,1,0,533696,38.7,88.0,24.0,1,2.0,46.0,75.0,1.0,0,3205,0,euthanized
663,0,0,529865,37.7,52.0,16.0,3,5.7,28.0,6.5,5.3,0,0,1,lived
664,1,0,529865,38.0,72.0,30.0,3,3.5,37.0,4.5,3.5,1,6209,1,died
665,1,0,534519,39.3,84.0,40.0,2,2.0,75.0,81.0,2.0,0,1400,0,euthanized
666,1,0,529849,38.6,54.0,14.0,3,7.0,38.0,6.3,3.9,1,5400,1,lived
667,1,0,529424,38.4,80.0,24.0,2,7.5,52.0,6.5,4.3,1,4205,0,died
668,0,0,528890,37.5,108.0,16.0,2,5.4,54.0,7.5,4.7,1,11300,1,died
669,0,0,533736,38.6,100.0,68.0,3,2.0,52.0,80.0,2.0,1,3205,0,euthanized
670,0,0,530028,38.1,112.0,24.0,1,5.0,60.0,7.5,2.6,0,2300,1,euthanized
671,1,0,529172,38.1,84.0,24.0,2,5.4,33.0,7.4,1.3,1,2112,1,lived
672,1,0,534784,37.5,72.0,30.0,1,2.0,52.0,75.0,2.0,1,3205,0,euthanized
673,1,0,530693,38.6,40.0,24.0,2,7.0,42.0,6.6,2.0,1,31110,1,lived
674,1,0,528548,38.1,66.0,12.0,2,3.0,44.0,6.0,3.6,1,31110,0,lived
675,0,0,527365,38.0,80.0,30.0,4,7.0,45.0,8.1,2.2,0,3207,1,died
676,1,0,535208,39.2,108.0,24.0,2,2.0,55.0,85.0,2.0,1,3209,0,euthanized
677,1,0,530255,38.5,88.0,20.0,2,5.5,47.0,7.5,4.5,1,3205,0,died
678,1,0,5301219,40.3,60.0,30.0,2,4.5,46.0,7.2,2.6,1,1400,0,died
679,1,0,528178,37.6,88.0,20.0,2,3.0,68.0,7.2,4.1,1,2205,0,died
680,0,0,529304,38.0,40.0,28.0,3,4.5,49.0,7.2,5.0,0,0,0,lived
681,0,0,534626,37.8,52.0,16.0,4,2.0,52.0,7.5,2.0,0,4206,1,euthanized
682,0,0,528890,38.3,54.0,16.0,3,5.0,36.0,6.6,3.5,0,0,1,lived
683,1,0,534787,38.6,60.0,16.0,4,4.0,39.0,60.0,2.0,1,3207,1,lived
684,1,0,533928,36.5,84.0,40.0,2,2.0,37.5,75.0,1.0,1,7111,0,euthanized
685,1,0,527544,38.2,52.0,12.0,1,7.0,45.0,8.6,3.6,1,2206,1,died
686,1,0,533836,39.2,98.0,28.0,1,2.0,65.0,64.0,2.0,1,2205,0,lived
687,1,0,530360,38.4,60.0,40.0,4,4.5,50.0,4.7,4.1,1,2208,1,died
688,0,0,533696,37.8,44.0,12.0,2,6.5,34.0,65.0,1.0,0,3111,1,lived
689,1,0,529461,38.5,88.0,12.0,4,4.0,40.0,6.6,3.2,1,2208,1,died
690,0,0,529399,37.2,88.0,12.0,2,4.0,45.0,5.5,4.3,1,2208,1,died
691,1,0,529461,40.3,114.0,36.0,2,7.0,57.0,8.1,4.5,1,3205,0,died
692,0,0,527702,37.7,84.0,20.0,2,6.0,52.0,6.0,3.9,1,2209,0,euthanized
693,1,0,5299253,37.4,54.0,36.0,2,3.0,44.0,6.1,2.6,1,2113,0,died
694,1,0,527544,38.4,124.0,40.0,1,7.5,57.0,8.5,7.0,0,2112,1,died
695,0,1,529498,40.3,114.0,36.0,2,4.3,50.0,8.1,7.0,0,4205,1,died
696,0,0,529424,38.3,52.0,20.0,4,5.4,43.0,6.4,7.2,0,0,1,lived
697,1,0,530239,38.2,48.0,32.0,3,3.0,47.0,7.5,2.6,1,3113,0,lived
698,1,0,527563,38.2,66.0,12.0,3,3.0,30.0,6.6,3.6,1,31110,1,lived
699,1,0,534163,37.9,92.0,24.0,2,2.0,65.0,50.0,2.0,1,3205,0,euthanized
700,0,0,533692,38.0,44.0,16.0,2,2.0,33.0,63.0,3.4,0,2300,1,lived
701,1,0,534293,38.0,88.0,20.0,0,2.0,65.0,82.0,1.0,0,2209,0,euthanized
702,0,0,530242,38.4,108.0,51.0,2,7.5,59.0,8.2,2.6,0,4300,1,lived
703,1,0,5287179,37.2,68.0,16.0,2,7.0,48.0,8.6,6.3,1,4205,1,lived
704,1,0,533696,38.0,129.0,30.0,3,2.0,64.0,82.0,2.0,0,1400,0,euthanized
705,1,0,528461,38.0,112.0,44.0,2,4.4,60.0,6.1,2.8,1,4205,1,lived
706,0,0,529373,38.6,48.0,32.0,3,6.5,49.0,7.3,2.0,0,3111,1,lived
707,1,0,530001,38.5,96.0,16.0,2,6.5,63.0,6.7,3.4,1,2208,0,died
708,1,0,5290409,38.5,64.0,36.0,2,6.0,48.0,7.5,2.0,1,2208,0,died
709,0,0,534478,37.2,108.0,40.0,2,2.0,53.0,51.0,2.0,0,2208,0,euthanized
710,1,0,534519,38.5,86.0,51.0,2,2.0,65.0,75.0,2.0,1,2205,0,euthanized
711,1,0,528570,37.5,60.0,30.0,2,3.5,35.0,6.0,2.0,1,2209,0,died
712,1,0,529461,38.3,112.0,14.0,2,7.0,57.0,8.1,4.5,1,2208,0,died
713,0,0,529461,40.3,114.0,36.0,2,7.0,57.0,7.4,4.5,1,2205,1,euthanized
714,1,0,533942,38.2,76.0,20.0,3,7.0,46.0,46.0,2.0,1,3205,1,euthanized
715,1,0,528620,36.0,100.0,36.0,2,5.5,57.0,7.5,2.0,1,2205,0,euthanized
716,1,0,528548,38.6,68.0,14.0,1,3.0,50.0,7.5,3.6,1,2124,1,lived
717,0,0,530366,38.4,150.0,40.0,2,2.0,48.0,6.5,2.0,0,1400,0,lived
718,1,0,527518,36.2,114.0,36.0,2,6.5,45.0,7.5,1.3,1,11400,0,died
719,1,1,5290402,39.8,120.0,20.0,1,4.0,36.0,4.9,5.0,1,2205,0,euthanized
720,1,0,534756,40.3,64.0,36.0,2,1.0,41.0,54.0,2.0,1,2209,0,lived
721,0,0,530242,38.3,130.0,52.0,2,5.5,63.0,7.5,3.9,1,3205,0,euthanized
722,1,0,534938,38.3,88.0,16.0,2,2.0,53.0,75.0,2.0,0,3205,0,euthanized
723,1,0,528742,38.4,132.0,20.0,0,5.0,69.0,8.6,4.8,1,2112,0,died
724,1,0,534756,38.0,104.0,24.0,4,2.0,41.0,60.0,2.0,1,2205,1,lived
725,1,0,529640,38.6,72.0,30.0,3,4.5,45.0,6.2,3.3,1,2208,1,lived
726,1,0,5288249,39.3,60.0,16.0,2,7.0,37.0,4.7,3.4,1,7111,1,died
727,1,0,535240,38.3,96.0,36.0,2,2.0,65.0,69.0,2.0,1,3205,1,died
728,1,0,528641,38.5,66.0,21.0,3,3.5,44.0,7.6,4.3,1,2112,1,lived
729,1,0,529272,38.1,44.0,24.0,3,4.5,39.0,6.6,4.2,0,2205,1,lived
730,1,1,528702,39.4,114.0,36.0,2,4.4,50.0,7.0,3.9,1,2209,1,died
731,0,0,529796,38.6,50.0,12.0,3,3.0,43.0,7.5,2.6,0,3111,1,lived
732,1,0,529667,39.3,129.0,48.0,2,2.0,57.0,46.0,2.0,1,2113,1,lived
733,1,0,534787,37.1,96.0,20.0,2,2.0,41.0,81.0,2.0,1,2205,0,euthanized
734,1,0,534925,38.2,76.0,24.0,2,2.0,75.0,81.0,2.0,1,2112,0,lived
735,1,0,529518,37.9,50.0,16.0,4,3.0,38.0,6.6,3.0,1,3115,0,lived
736,1,0,528548,38.1,66.0,16.0,2,3.0,50.0,6.7,3.6,1,2124,0,lived
737,0,0,528996,38.0,54.0,20.0,3,5.0,42.0,6.6,5.0,0,0,1,lived
738,1,0,534519,37.7,84.0,32.0,2,2.0,75.0,81.0,1.0,0,0,0,lived
739,1,0,530242,38.2,64.0,40.0,2,3.4,47.0,7.4,3.4,1,2209,0,lived
740,1,0,533871,38.0,86.0,24.0,0,2.0,55.0,65.0,1.0,0,7209,0,euthanized
741,1,0,528469,38.1,52.0,24.0,2,7.0,54.0,7.5,2.0,1,2112,0,died
742,0,0,530334,38.3,52.0,12.0,3,5.5,35.0,6.5,5.0,0,0,1,lived
743,0,0,529777,39.1,88.0,32.0,3,7.0,68.0,7.0,3.6,1,2206,0,lived
744,1,0,528548,38.3,60.0,18.0,3,3.0,43.0,8.1,3.6,1,2124,1,lived
745,1,0,534784,36.0,108.0,30.0,2,2.0,66.0,81.0,2.0,1,11400,1,lived
746,1,0,529493,38.4,104.0,40.0,3,5.2,47.0,7.0,3.6,1,2209,1,euthanized
747,1,0,534293,37.2,96.0,16.0,2,2.0,52.0,82.0,2.0,1,2209,0,euthanized
748,0,0,530431,37.5,48.0,16.0,3,7.0,48.0,8.5,1.3,0,2113,1,lived
749,1,0,528247,39.6,66.0,14.0,2,4.0,44.0,6.5,2.6,1,2208,0,euthanized
750,1,1,5292489,38.8,84.0,40.0,2,7.0,47.0,8.0,3.9,1,7111,0,lived
751,1,0,529386,38.5,112.0,24.0,2,7.0,52.0,6.4,4.9,1,9400,0,lived
752,1,0,528641,38.1,66.0,20.0,3,4.3,45.0,7.5,2.6,1,6111,1,died
753,0,0,535381,39.4,86.0,21.0,3,4.0,48.0,75.0,2.0,1,3205,0,euthanized
754,1,0,529667,38.3,48.0,12.0,4,5.3,46.0,6.1,2.6,1,2205,0,lived
755,0,0,528890,38.9,54.0,24.0,3,7.0,49.0,8.5,8.0,0,0,1,lived
756,1,0,535166,38.2,130.0,16.0,2,2.0,46.0,66.0,2.0,1,5111,0,lived
757,1,0,529183,38.3,56.0,84.0,2,1.5,36.0,6.5,3.6,1,7111,1,died
758,1,0,535043,39.0,100.0,51.0,1,2.0,66.0,13.0,2.0,1,2113,0,euthanized
759,1,0,528523,37.1,72.0,44.0,2,3.0,43.0,4.5,3.6,1,2208,1,died
760,1,0,5290409,38.0,86.0,24.0,2,4.5,65.0,7.6,3.4,1,3205,0,died
761,0,0,534787,38.0,36.0,16.0,2,2.0,37.0,75.0,1.0,0,3111,0,euthanized
762,1,0,5292489,38.4,84.0,32.0,3,7.0,43.0,8.8,5.3,1,6111,1,died
763,1,0,534917,38.8,44.0,12.0,2,4.4,40.0,67.0,2.0,1,2209,1,lived
764,0,0,528996,38.5,52.0,40.0,3,5.5,36.0,6.6,5.0,0,0,1,lived
765,1,0,529667,39.5,64.0,40.0,3,7.0,39.0,6.5,7.5,0,0,0,lived
766,1,0,535137,39.3,100.0,24.0,1,2.0,66.0,66.0,2.0,1,2113,0,lived
767,1,0,530478,37.6,42.0,40.0,3,4.0,41.0,6.6,4.1,1,3205,1,lived
768,1,0,533942,38.7,100.0,51.0,2,2.0,66.0,13.0,2.0,1,2205,1,euthanized
769,1,0,529135,38.3,84.0,24.0,3,5.0,45.0,6.5,4.9,1,3205,0,died
770,0,0,530242,37.2,108.0,12.0,2,6.0,52.0,8.4,7.4,1,2207,0,euthanized
771,1,0,528702,38.3,66.0,12.0,2,3.0,44.0,6.0,3.6,1,2208,1,euthanized
772,1,0,533968,38.0,64.0,80.0,3,2.0,46.0,75.0,1.0,1,2113,0,lived
773,1,0,5294369,36.6,60.0,24.0,2,3.0,73.0,7.5,3.4,1,4205,1,died
774,1,0,527365,38.0,80.0,24.0,2,5.3,68.0,4.5,3.9,1,7111,1,died
775,1,0,528469,37.1,60.0,24.0,2,7.0,53.0,7.5,2.6,1,2209,0,died
776,1,0,533696,37.1,60.0,12.0,2,2.0,51.0,65.0,2.0,1,3111,0,euthanized
777,0,0,529461,40.3,114.0,36.0,2,7.0,57.0,8.1,4.5,1,3205,1,died
778,1,0,528461,38.6,52.0,20.0,3,5.0,47.0,7.0,2.8,0,2205,1,died
779,1,0,533871,38.0,100.0,16.0,1,2.0,47.0,60.0,2.0,0,1400,1,died
780,0,0,529386,39.3,66.0,16.0,2,6.5,40.0,7.0,5.0,0,2208,1,euthanized
781,1,0,535166,39.3,120.0,80.0,2,2.0,53.0,65.0,2.0,1,3205,0,euthanized
782,1,0,529498,39.2,114.0,30.0,2,6.5,60.0,8.1,4.1,1,2205,0,died
783,1,0,529386,39.1,64.0,21.0,3,3.0,39.0,7.5,3.6,1,3207,1,lived
784,1,0,535130,38.2,52.0,12.0,3,6.5,41.0,66.0,2.0,1,2206,1,lived
785,0,0,534197,38.7,54.0,12.0,2,5.0,37.0,56.0,2.0,0,0,0,euthanized
786,0,0,535130,37.5,60.0,16.0,2,2.0,55.0,55.0,2.0,0,0,0,euthanized
787,1,0,534917,37.1,84.0,40.0,2,3.0,75.0,81.0,2.0,1,2112,0,lived
788,1,0,527365,38.4,76.0,16.0,2,6.5,33.0,6.2,6.5,1,2205,1,died
789,1,0,527463,38.3,75.0,32.0,3,5.0,35.0,74.0,1.0,1,2209,0,lived
790,1,0,527563,38.1,72.0,40.0,2,4.5,54.0,7.5,2.6,1,2205,0,died
791,0,0,530001,38.6,42.0,16.0,3,7.0,47.0,7.2,2.8,0,0,1,died
792,1,0,533871,38.5,72.0,40.0,2,2.0,35.0,65.0,2.0,1,3111,0,lived
793,0,0,529777,38.3,56.0,40.0,0,7.2,47.0,7.2,2.6,0,2113,1,lived
794,0,0,530242,38.1,108.0,12.0,2,6.0,52.0,8.2,7.4,1,2207,1,euthanized
795,1,0,527883,39.0,64.0,90.0,4,6.5,39.0,7.0,6.0,1,31110,1,lived
796,0,0,532349,38.5,52.0,30.0,3,1.0,43.0,53.0,2.0,0,3111,0,lived
797,1,0,528996,39.2,96.0,20.0,2,4.5,44.0,6.7,3.6,1,2205,0,died
798,1,0,5287179,38.2,114.0,20.0,3,5.0,45.0,7.4,3.7,1,3205,1,lived
799,1,0,530254,38.6,80.0,32.0,2,6.5,33.0,6.5,4.5,1,3205,0,lived
800,0,0,534787,38.5,48.0,16.0,3,7.0,36.0,60.0,2.0,1,3111,1,euthanized
801,1,0,530693,38.5,86.0,40.0,1,5.5,57.0,7.5,3.4,1,2112,0,died
802,1,0,530561,38.0,120.0,40.0,2,5.4,47.0,7.5,2.0,1,2205,0,lived
803,1,0,535043,37.3,72.0,30.0,2,2.0,65.0,13.0,2.0,1,5400,0,euthanized
804,1,0,535338,38.5,129.0,48.0,2,2.0,57.0,66.0,2.0,1,2206,0,lived
805,1,0,529461,38.4,108.0,12.0,2,5.0,74.0,7.5,2.6,1,5400,1,died
806,1,0,528214,37.3,84.0,12.0,2,4.4,54.0,8.1,4.7,1,2209,0,lived
807,1,0,528019,38.0,36.0,16.0,2,2.0,45.0,6.9,2.8,1,3111,1,lived
808,0,0,530001,39.4,112.0,36.0,2,2.0,58.0,7.0,3.9,1,2206,0,euthanized
809,1,0,527365,38.2,42.0,14.0,2,7.0,39.0,8.7,3.6,1,3205,1,died
810,1,0,529642,38.6,96.0,30.0,2,6.5,60.0,7.5,5.4,1,2124,0,died
811,1,1,5290409,39.1,164.0,84.0,1,5.5,48.0,7.2,5.3,1,2208,1,died
812,0,1,528298,38.2,72.0,24.0,0,5.5,30.0,5.7,10.0,1,3111,1,died
813,1,0,528890,39.0,60.0,24.0,1,4.5,54.0,8.6,4.1,1,3205,0,died
814,1,0,528641,39.3,120.0,90.0,1,3.5,69.0,6.0,5.3,1,4205,0,died
815,1,0,529424,38.0,64.0,28.0,3,7.0,40.0,7.0,5.0,0,0,1,lived
816,1,0,529483,38.3,88.0,12.0,2,6.2,45.0,6.4,2.6,1,0,1,lived
817,0,0,529642,38.0,48.0,16.0,3,5.0,43.0,5.3,2.6,1,3111,1,lived
818,1,0,529427,36.5,60.0,32.0,3,7.0,54.0,7.5,3.4,1,2209,1,died
819,0,0,529642,37.7,48.0,16.0,3,5.0,49.0,8.0,7.0,0,0,1,lived
820,1,0,533696,37.8,60.0,12.0,2,2.0,51.0,65.0,2.0,1,3111,0,lived
821,1,0,528641,38.2,52.0,66.0,2,4.4,41.0,6.2,2.8,1,2208,1,lived
822,0,0,534135,38.3,48.0,12.0,2,2.0,41.0,51.0,2.0,0,3111,0,lived
823,1,0,533847,37.3,60.0,32.0,3,2.0,45.0,70.0,2.0,1,2208,0,lived
824,1,0,527563,37.8,52.0,24.0,3,5.7,48.0,6.6,3.7,1,5400,1,died
825,0,0,5290759,38.1,44.0,24.0,3,7.0,41.0,5.3,5.0,0,3111,1,lived
826,1,0,530360,38.8,86.0,40.0,2,4.5,65.0,7.6,3.9,1,3205,0,died
827,1,0,529272,38.1,54.0,40.0,3,4.5,41.0,7.2,4.5,1,2209,1,died
828,0,0,530242,37.5,48.0,40.0,2,1.5,40.0,7.5,2.4,0,31110,1,lived
829,1,0,529172,38.4,56.0,40.0,3,7.0,47.0,7.5,2.0,0,8300,0,lived
830,1,0,527883,38.1,64.0,90.0,4,5.0,36.0,7.5,3.3,1,31110,1,lived
831,1,1,5290409,39.4,164.0,84.0,2,5.0,48.0,7.6,5.2,1,2300,1,died
832,1,0,534784,38.0,48.0,24.0,3,2.0,37.0,56.0,2.0,1,7111,0,lived
833,1,0,528247,38.3,96.0,68.0,2,3.0,52.0,7.2,3.9,1,2209,1,died
834,1,0,534163,38.3,45.0,40.0,2,2.0,42.0,64.0,2.0,1,3205,1,lived
835,1,0,5301219,39.9,96.0,24.0,2,6.0,45.0,7.5,2.3,1,3205,1,died
836,1,0,534784,37.9,48.0,20.0,2,2.0,46.0,82.0,2.0,1,2208,0,lived
837,1,0,527706,38.5,60.0,16.0,2,3.0,41.0,7.0,2.6,1,3205,0,lived
838,1,0,534556,38.2,84.0,40.0,2,2.0,46.0,81.0,2.0,0,2208,0,euthanized
839,1,0,534784,38.2,96.0,42.0,3,2.0,42.0,71.0,2.0,1,2206,0,lived
840,1,0,530526,36.1,136.0,96.0,2,4.3,47.0,6.0,3.9,1,6111,1,lived
841,1,1,528461,38.4,124.0,96.0,1,4.4,50.0,7.8,3.4,1,2209,1,died
842,1,0,534787,38.2,36.0,16.0,2,2.0,37.0,75.0,2.0,0,3111,1,euthanized
843,0,0,529821,38.4,48.0,36.0,3,6.5,37.0,6.5,1.0,0,0,1,lived
844,1,0,533836,37.2,88.0,48.0,2,2.0,55.0,64.0,2.0,1,2209,0,euthanized
845,1,0,528812,37.8,40.0,12.0,3,6.5,23.0,6.4,1.4,1,2209,1,lived
846,1,0,530001,37.4,96.0,28.0,1,4.5,60.0,6.5,3.6,1,3205,1,died
847,1,0,534556,39.3,56.0,16.0,4,1.0,37.0,62.0,2.0,0,2207,0,euthanized
848,0,0,527365,38.0,64.0,18.0,3,4.5,59.0,7.5,2.9,1,4300,0,lived
849,1,0,534756,37.3,36.0,16.0,0,2.0,37.0,75.0,1.0,0,3111,0,lived
850,0,0,528523,38.5,54.0,20.0,3,3.0,44.0,7.5,2.3,0,0,1,lived
851,0,0,529388,38.0,92.0,28.0,2,4.5,57.0,8.1,5.2,0,5400,1,died
852,0,0,528178,38.5,54.0,40.0,3,7.0,44.0,7.5,1.3,0,0,1,lived
853,1,0,529703,38.1,112.0,9.0,1,5.5,43.0,6.4,3.9,1,3209,0,died
854,1,0,534885,38.2,52.0,24.0,3,2.0,42.0,71.0,2.0,1,2208,0,lived
855,1,0,535043,39.2,100.0,51.0,2,2.0,50.0,13.0,2.0,1,2113,0,euthanized
856,0,0,530002,39.6,108.0,51.0,1,2.0,65.0,82.0,2.0,0,4300,0,lived
857,1,0,535054,39.3,100.0,51.0,1,2.0,66.0,13.0,2.0,1,2113,0,euthanized
858,1,0,529160,38.2,66.0,24.0,2,4.0,54.0,7.2,2.3,1,2208,0,died
859,0,0,528743,38.0,108.0,36.0,3,7.0,68.0,5.7,3.4,1,2208,0,died
860,1,0,528570,36.1,50.0,50.0,2,3.0,35.0,6.5,3.6,1,2209,1,died
861,1,0,529304,38.2,80.0,42.0,2,1.5,52.0,7.0,2.6,1,5400,0,lived
862,0,0,529172,38.2,80.0,40.0,2,7.0,47.0,7.1,2.5,1,8300,1,lived
863,1,0,528804,38.3,66.0,12.0,3,4.3,37.0,7.1,1.6,1,3205,1,lived
864,1,0,528620,38.4,42.0,12.0,2,2.0,40.0,6.7,3.9,1,2208,1,lived
865,1,0,527463,37.1,84.0,48.0,3,5.0,72.0,6.6,3.2,1,2208,0,died
866,0,0,529642,39.3,88.0,24.0,2,4.0,52.0,8.1,2.6,1,3124,0,euthanized
867,0,0,529498,37.5,48.0,16.0,3,7.0,41.0,8.6,5.3,0,0,1,lived
868,1,0,5290759,38.5,96.0,36.0,2,4.5,52.0,8.0,3.4,1,2205,0,died
869,1,0,527706,39.0,84.0,24.0,2,7.0,37.0,6.5,4.1,1,7209,1,died
870,1,0,530693,37.8,86.0,30.0,2,4.5,57.0,6.1,4.5,1,31110,1,lived
871,1,0,529386,39.0,120.0,28.0,2,4.0,65.0,7.1,4.3,1,3205,1,died
872,1,0,529729,37.8,46.0,28.0,4,5.7,37.0,6.6,5.0,1,2207,0,lived
873,1,0,5299603,38.5,66.0,24.0,2,3.0,31.5,6.7,3.0,1,31110,0,lived
874,1,0,529461,37.7,84.0,36.0,2,5.3,43.0,6.6,4.5,1,5400,1,died
875,0,0,5297379,38.5,136.0,48.0,2,4.0,60.0,6.8,4.4,1,4205,1,died
876,1,0,528548,38.2,66.0,24.0,2,3.0,44.0,7.2,3.6,1,2209,1,died
877,1,0,535392,38.1,66.0,12.0,3,2.0,43.0,51.0,1.0,0,2124,0,lived
878,1,0,533886,39.3,88.0,48.0,2,2.0,55.0,64.0,2.0,0,3205,0,euthanized
879,0,0,528812,38.7,48.0,24.0,3,5.5,49.0,9.1,10.1,0,3111,0,lived
880,0,0,529461,40.3,114.0,36.0,2,5.0,57.0,6.5,4.8,0,2208,1,lived
881,1,0,534157,38.0,52.0,18.0,3,2.0,52.0,75.0,2.0,1,2322,0,lived
882,0,0,528729,38.4,54.0,40.0,3,7.0,49.0,9.0,7.4,0,0,1,lived
883,0,0,529703,38.6,44.0,16.0,3,7.0,44.0,7.3,1.6,0,0,1,lived
884,1,1,528548,37.5,164.0,84.0,2,5.4,50.0,6.0,3.9,0,1400,0,died
885,0,0,528469,38.1,52.0,24.0,3,7.0,54.0,7.5,4.1,0,2124,1,lived
886,0,0,528996,36.6,52.0,16.0,3,7.0,32.0,6.6,4.5,1,2205,1,lived
887,1,0,527544,37.7,96.0,28.0,2,4.0,48.0,6.5,3.9,1,31110,1,lived
888,0,0,529777,38.0,52.0,32.0,3,5.0,52.0,6.8,2.6,0,2124,0,died
889,1,0,528469,38.1,52.0,24.0,2,7.0,54.0,7.5,2.6,1,2112,0,died
890,0,0,535029,37.1,72.0,24.0,2,2.0,67.0,51.0,2.0,1,1400,0,euthanized
891,1,0,530233,37.1,114.0,24.0,2,3.0,57.0,8.1,3.6,1,3209,1,died
892,1,1,5290409,37.2,150.0,80.0,2,5.0,66.0,7.5,5.3,1,2205,1,died
893,1,0,530233,37.8,114.0,36.0,2,4.5,57.0,8.9,2.0,1,3207,0,died
894,0,0,529183,38.4,48.0,32.0,3,5.0,49.0,6.2,5.3,0,4205,1,lived
895,0,0,534817,37.7,88.0,28.0,0,1.0,55.0,80.0,2.0,0,2205,0,euthanized
896,1,0,528890,38.4,56.0,80.0,4,7.5,54.0,6.3,8.0,0,7111,1,lived
897,1,1,529340,38.5,104.0,48.0,2,5.4,47.0,7.5,3.4,1,5400,1,lived
898,1,0,5294369,38.9,120.0,30.0,3,3.0,47.0,6.1,2.6,1,2124,1,lived
899,0,0,528996,38.6,48.0,16.0,3,5.0,42.0,6.6,5.0,0,0,1,lived
900,1,0,530526,37.9,52.0,12.0,3,5.3,44.0,7.0,5.0,1,3111,1,lived
901,1,0,526639,38.6,64.0,14.0,2,4.0,35.0,5.9,3.4,1,2208,1,lived
902,1,0,529528,37.8,66.0,12.0,2,3.0,36.0,6.6,3.0,1,3115,1,lived
903,1,0,527365,38.1,80.0,80.0,2,2.0,54.0,4.0,4.3,1,7209,1,died
904,1,0,532110,38.1,52.0,88.0,2,2.0,53.0,71.0,1.0,1,2205,0,lived
905,0,0,534788,37.6,52.0,16.0,2,2.0,57.0,62.0,1.0,0,5400,1,lived
906,1,0,535137,39.3,164.0,84.0,2,2.0,57.0,85.0,2.0,1,3205,0,euthanized
907,1,0,529703,37.1,60.0,12.0,4,5.3,41.0,6.0,5.3,1,3025,1,lived
908,0,0,5290409,38.5,52.0,24.0,2,5.5,47.0,7.2,2.3,0,3111,0,lived
909,1,0,534115,38.0,104.0,30.0,2,1.0,66.0,60.0,1.0,1,2208,1,euthanized
910,1,0,529642,38.5,42.0,24.0,2,4.4,26.0,6.7,4.7,1,3205,1,died
911,1,0,533847,38.5,60.0,80.0,2,2.0,47.0,70.0,2.0,1,5205,1,lived
912,1,0,529493,38.2,86.0,18.0,4,4.5,57.0,8.6,2.6,1,5400,0,died
913,0,0,529849,38.9,72.0,44.0,3,6.5,54.0,7.5,2.5,1,2124,0,lived
914,1,0,535338,38.5,129.0,48.0,2,2.0,57.0,66.0,2.0,1,2208,0,lived
915,1,0,534130,38.2,64.0,16.0,3,1.0,37.0,56.0,2.0,0,2124,0,lived
916,1,0,529461,37.6,96.0,24.0,2,7.0,57.0,8.1,4.5,1,3205,0,died
917,0,0,5288249,37.8,48.0,9.0,3,6.5,49.0,6.0,3.6,1,2209,0,lived
918,1,0,535407,37.1,96.0,48.0,1,2.0,60.0,89.0,2.0,1,2205,1,died
919,1,0,529493,37.1,72.0,20.0,2,5.3,50.0,7.5,2.6,1,3111,1,died
920,1,0,534519,38.6,88.0,24.0,2,7.0,55.0,7.5,1.0,1,5400,0,euthanized
921,1,0,534784,38.5,96.0,40.0,2,1.0,55.0,75.0,2.0,1,3205,0,euthanized
922,0,0,529424,38.5,92.0,28.0,3,7.0,44.0,7.5,5.0,0,0,1,lived
923,1,0,528890,38.1,132.0,24.0,1,7.0,57.0,8.1,2.0,1,7111,0,euthanized
924,1,0,528800,38.0,48.0,16.0,2,2.0,46.0,6.1,4.5,1,1400,0,euthanized
925,1,0,528299,39.4,64.0,36.0,4,5.0,39.0,6.2,5.3,1,2112,1,lived
926,1,0,529424,37.9,64.0,40.0,3,3.0,41.0,6.5,3.6,1,2124,0,lived
927,1,1,530034,39.0,120.0,40.0,2,4.0,67.0,8.1,2.6,1,8400,1,died
928,0,0,535381,37.1,84.0,20.0,2,2.0,75.0,81.0,1.0,1,1400,0,euthanized
929,1,0,528570,37.5,48.0,28.0,2,3.5,33.0,6.0,3.6,1,3205,0,lived
930,1,1,530001,36.4,129.0,28.0,2,1.5,47.0,7.6,4.4,1,4300,0,died
931,1,0,529849,38.5,48.0,12.0,2,4.5,42.0,4.5,7.0,0,2124,1,lived
932,1,0,534787,37.8,48.0,20.0,2,5.3,45.0,75.0,1.0,1,5400,1,lived
933,1,0,529272,40.3,114.0,36.0,3,5.0,57.0,8.0,4.5,1,2124,0,lived
934,1,0,529685,38.2,60.0,40.0,3,7.0,35.0,6.5,5.0,1,31110,1,lived
935,1,0,5290482,39.2,88.0,24.0,2,4.5,50.0,6.6,4.1,1,31110,1,lived
936,0,0,530002,38.6,48.0,24.0,2,2.0,43.0,53.0,2.0,0,0,0,lived
937,1,0,528668,38.3,52.0,16.0,2,7.0,42.0,7.0,1.0,0,3111,0,lived
938,1,0,529764,37.8,44.0,12.0,3,7.0,39.0,6.5,2.9,0,31110,1,lived
939,1,0,527463,37.5,96.0,24.0,1,5.0,69.0,8.9,3.9,1,2205,0,lived
940,0,0,530478,38.6,96.0,30.0,1,2.6,46.0,6.6,1.0,0,31110,1,lived
941,0,0,529183,38.3,52.0,24.0,2,5.0,47.0,8.2,3.0,0,400,1,lived
942,1,0,528548,38.1,108.0,36.0,2,4.4,60.0,6.0,3.6,1,2300,0,died
943,1,0,528523,38.0,44.0,9.0,2,3.0,35.0,6.7,3.6,1,2208,1,lived
944,1,0,528800,39.1,96.0,40.0,1,1.0,74.0,6.6,1.4,1,2209,0,died
945,1,1,529172,38.4,164.0,24.0,2,4.5,73.0,7.4,4.5,1,2305,1,died
946,1,0,529386,37.5,42.0,32.0,2,5.5,38.0,7.0,2.8,1,2208,0,died
947,1,0,530101,39.5,124.0,51.0,3,7.0,43.0,7.2,2.3,1,4205,0,lived
948,1,0,529493,38.0,84.0,36.0,2,7.0,47.0,7.0,3.9,1,2208,0,died
949,1,0,527709,36.5,108.0,24.0,1,7.0,58.0,7.6,5.3,1,2208,0,lived
950,1,0,530334,38.3,40.0,23.0,3,4.5,39.0,8.5,5.0,1,31110,1,lived
951,0,0,529172,38.0,52.0,24.0,1,5.0,48.0,8.5,2.3,1,2113,0,lived
952,1,0,529461,38.9,80.0,40.0,1,4.4,63.0,7.2,4.8,1,3205,0,euthanized
953,1,0,533983,38.7,60.0,32.0,1,2.0,53.0,64.0,2.0,1,3205,0,euthanized
954,1,0,529483,38.4,40.0,24.0,3,5.5,37.0,6.4,6.2,1,2206,1,died
955,1,0,529667,39.3,64.0,36.0,2,7.0,44.0,7.5,6.6,1,2208,0,lived
956,1,1,5290409,39.0,128.0,36.0,2,7.0,53.0,5.5,5.3,1,2208,1,died
957,1,0,535130,38.5,88.0,30.0,1,2.0,48.0,66.0,2.0,1,2205,0,euthanized
958,1,0,534092,39.1,100.0,51.0,2,2.0,51.0,5.5,1.0,1,2113,1,lived
959,1,0,528570,38.3,88.0,36.0,2,5.0,48.0,7.5,3.6,1,9400,1,lived
960,0,0,529663,37.5,52.0,16.0,2,5.5,57.0,8.1,7.2,0,0,1,lived
961,0,0,529663,38.0,48.0,16.0,3,5.3,49.0,6.0,3.9,0,5000,1,lived
962,1,0,528548,39.0,64.0,30.0,1,3.0,47.0,7.0,3.6,1,2124,1,lived
963,1,0,528151,38.3,66.0,18.0,3,7.0,54.0,7.5,1.6,1,2112,0,lived
964,1,0,529729,37.2,40.0,12.0,2,4.5,57.0,7.0,4.3,1,2209,1,lived
965,1,0,529183,38.0,36.0,20.0,3,5.0,49.0,8.0,10.0,0,3111,1,lived
966,1,1,529642,38.3,40.0,36.0,2,4.5,47.0,6.5,4.1,1,2209,1,died
967,1,0,530526,38.5,184.0,84.0,1,7.0,60.0,6.5,3.4,1,7111,1,died
968,0,0,528247,38.4,54.0,24.0,3,7.0,43.0,7.5,1.3,0,0,1,lived
969,1,0,535031,39.1,96.0,24.0,2,5.0,71.0,7.2,2.6,1,3209,0,lived
970,0,1,530254,40.3,114.0,36.0,2,6.5,72.0,8.1,4.3,1,8400,1,died
971,1,0,535043,39.3,100.0,51.0,2,2.0,66.0,13.0,2.0,1,2113,0,euthanized
972,0,0,527544,35.4,140.0,36.0,2,6.5,57.0,8.5,2.0,1,1400,0,died
973,1,0,534073,38.3,90.0,40.0,2,2.0,75.0,55.0,2.0,0,2209,0,euthanized
974,1,0,534183,38.3,88.0,12.0,3,5.0,48.0,60.0,2.0,1,2124,0,lived
975,0,0,530334,38.6,44.0,16.0,2,4.5,33.0,6.6,3.3,0,2209,1,lived
976,1,0,527883,38.3,132.0,18.0,0,6.2,48.0,7.2,5.2,1,2112,0,lived
977,1,0,529172,38.9,56.0,40.0,1,7.5,47.0,7.2,2.5,0,8300,0,lived
978,0,0,529172,38.2,56.0,40.0,2,7.0,47.0,7.5,2.1,0,8300,1,lived
979,0,0,5299629,38.6,52.0,40.0,3,7.2,54.0,8.0,5.2,1,0,1,lived
980,0,0,534115,39.2,84.0,28.0,2,1.0,65.0,81.0,2.0,0,1400,0,euthanized
981,0,0,529424,38.0,48.0,16.0,4,5.0,49.0,7.2,5.0,0,0,1,lived
982,0,0,529821,38.3,52.0,40.0,4,6.5,42.0,8.5,5.3,1,21110,1,euthanized
983,1,0,528641,38.1,66.0,12.0,2,3.0,45.0,7.0,3.9,1,3111,1,lived
984,1,0,528305,37.8,88.0,28.0,2,4.5,40.0,5.9,4.6,1,2205,1,died
985,1,0,527702,38.0,132.0,66.0,3,7.0,57.0,8.1,3.4,1,2208,0,lived
986,1,0,534519,39.7,84.0,40.0,2,2.0,75.0,81.0,2.0,0,1400,1,euthanized
987,0,0,528113,37.1,52.0,24.0,3,5.2,26.0,8.1,5.2,0,400,1,lived
988,0,0,530381,38.0,114.0,36.0,2,7.0,41.0,7.0,4.3,1,31110,1,lived
989,1,0,528461,40.3,86.0,36.0,2,7.0,44.0,8.1,4.5,1,7400,1,lived
990,1,0,527916,39.1,60.0,18.0,3,7.0,50.0,7.5,1.0,1,2113,1,lived
991,1,0,530431,38.2,76.0,20.0,4,4.0,35.0,4.3,4.8,1,5111,1,lived
992,1,0,530526,38.3,96.0,44.0,2,3.0,64.0,8.0,1.0,0,2113,1,lived
993,1,0,527524,38.0,54.0,36.0,3,2.0,37.0,6.6,2.8,1,2206,0,lived
994,1,1,5301219,37.8,128.0,51.0,3,4.4,53.0,4.9,4.9,1,11400,1,died
995,0,0,5279442,38.2,66.0,12.0,2,5.0,55.0,7.5,3.4,0,2205,1,lived
996,1,0,534817,39.3,88.0,20.0,1,2.0,57.0,85.0,2.0,1,2205,0,euthanized
997,0,0,533692,38.1,60.0,42.0,4,2.0,37.0,67.0,1.0,0,0,0,lived
998,1,0,528812,37.2,88.0,30.0,2,6.5,48.0,8.5,4.3,1,2205,0,died
999,0,0,5275212,37.1,84.0,36.0,2,3.0,50.0,6.0,3.9,1,2208,0,euthanized
1000,1,0,530526,38.2,48.0,12.0,3,3.0,36.0,6.0,3.0,1,3111,0,lived
1001,0,0,529493,39.0,112.0,16.0,2,5.5,57.0,6.0,2.8,0,4205,0,euthanized
1002,0,0,528469,38.4,54.0,20.0,3,7.5,43.0,7.0,8.0,0,0,1,lived
1003,1,0,528702,37.8,96.0,24.0,3,5.5,48.0,7.2,4.7,1,2208,0,lived
1004,1,0,530693,38.1,114.0,36.0,0,5.5,43.0,6.2,2.0,1,3111,0,lived
1005,1,0,521399,37.7,72.0,40.0,2,5.0,43.0,7.0,2.2,1,3205,1,euthanized
1006,1,0,528729,37.6,72.0,12.0,3,3.0,38.0,4.6,3.4,1,2112,0,died
1007,0,0,530297,37.5,84.0,24.0,2,5.0,43.0,6.2,3.6,0,1124,1,lived
1008,1,0,534938,39.2,100.0,51.0,2,2.0,66.0,13.0,2.0,1,2113,0,lived
1009,0,0,530242,37.5,88.0,16.0,2,5.0,52.0,8.6,3.4,0,2209,1,euthanized
1010,0,0,528702,38.5,52.0,16.0,3,5.3,49.0,7.2,1.6,0,0,1,lived
1011,1,0,528743,37.1,72.0,48.0,1,4.0,48.0,7.4,3.2,1,12208,1,died
1012,1,0,529888,37.2,48.0,48.0,2,6.5,44.0,7.2,9.1,1,2208,0,lived
1013,1,0,528570,39.5,100.0,30.0,2,6.5,47.0,3.5,3.4,1,2207,1,died
1014,1,0,528469,37.6,44.0,12.0,3,7.0,44.0,7.5,2.3,1,2112,1,died
1015,1,0,534787,38.2,36.0,16.0,2,2.0,52.0,75.0,2.0,1,2209,0,euthanized
1016,1,0,528461,38.1,66.0,12.0,1,3.0,44.0,6.0,3.6,1,2205,1,lived
1017,1,0,5290481,38.0,48.0,20.0,2,7.0,48.0,8.8,4.4,1,2209,1,euthanized
1018,0,0,529424,37.8,56.0,28.0,3,7.0,46.0,5.9,7.0,0,0,1,lived
1019,1,0,530242,37.5,44.0,36.0,4,7.0,38.0,6.6,1.3,1,2112,0,lived
1020,0,0,528019,37.8,72.0,52.0,2,7.0,44.0,7.0,3.9,1,2206,0,lived
1021,1,0,5287279,37.6,88.0,16.0,3,6.5,48.0,8.0,7.0,1,7111,0,died
1022,1,0,530001,37.5,66.0,12.0,2,6.6,38.0,6.7,1.0,1,3209,0,died
1023,0,0,528641,36.1,108.0,30.0,1,4.3,52.0,7.0,4.8,1,2208,1,died
1024,1,0,529518,39.5,76.0,24.0,2,4.5,45.0,6.5,2.6,1,1124,0,died
1025,1,1,534519,37.2,96.0,24.0,2,5.5,54.0,6.9,2.6,1,3111,0,died
1026,1,0,528523,38.1,52.0,96.0,3,7.0,56.0,8.0,6.0,1,2112,1,died
1027,1,0,5290481,38.6,108.0,32.0,1,6.2,60.0,7.0,3.6,0,2205,1,died
1028,1,0,534756,38.2,40.0,12.0,3,1.0,40.0,60.0,2.0,1,3111,1,lived
1029,1,1,529172,37.6,184.0,60.0,3,6.5,74.0,6.8,2.6,1,8400,1,died
1030,1,0,5305129,38.3,88.0,24.0,2,3.0,30.0,6.0,3.9,1,3111,0,lived
1031,0,0,530624,40.0,80.0,36.0,2,7.0,44.0,7.5,4.5,1,1400,1,died
1032,0,0,530233,38.5,78.0,28.0,2,5.0,55.0,5.9,4.5,1,2209,1,euthanized
1033,1,0,528570,39.5,132.0,96.0,2,6.5,67.0,4.5,3.6,1,2124,1,lived
1034,1,0,533887,37.8,48.0,12.0,3,5.0,37.0,64.0,5.3,1,2112,1,lived
1035,0,0,528469,38.1,48.0,24.0,3,7.0,45.0,7.5,2.6,0,2113,1,lived
1036,0,0,528214,37.8,48.0,28.0,2,5.5,36.0,6.6,5.3,0,0,1,lived
1037,0,0,535246,38.1,80.0,52.0,1,2.0,49.0,69.0,2.0,0,1111,1,lived
1038,0,0,529461,38.2,114.0,16.0,3,7.0,57.0,8.1,4.5,1,31110,0,euthanized
1039,1,0,529172,38.1,112.0,36.0,2,2.0,53.0,8.2,4.4,0,11300,1,died
1040,1,0,5262541,37.9,42.0,12.0,3,1.5,37.0,7.6,1.0,1,2209,1,lived
1041,1,0,5283431,38.3,60.0,16.0,2,3.0,30.0,6.0,6.0,1,31110,1,lived
1042,1,0,535130,37.8,44.0,21.0,2,2.0,50.0,55.0,2.0,1,2205,1,lived
1043,0,0,5279822,37.8,92.0,28.0,3,6.0,64.0,9.0,3.9,1,2208,0,lived
1044,1,0,529340,37.9,60.0,30.0,3,4.5,35.0,6.6,1.5,1,5206,1,died
1045,1,0,530242,37.4,104.0,12.0,1,4.0,75.0,8.8,4.3,1,2207,1,died
1046,0,0,535176,37.2,60.0,90.0,3,5.5,41.0,89.0,3.4,0,3111,1,lived
1047,1,0,530670,37.6,68.0,28.0,3,7.0,47.0,8.0,3.9,1,3205,1,lived
1048,0,0,529663,38.0,42.0,12.0,3,5.5,37.0,7.2,1.3,0,0,1,lived
1049,1,0,534787,38.0,36.0,16.0,2,2.0,37.0,75.0,1.0,0,3111,0,euthanized
1050,1,0,528931,37.8,96.0,20.0,2,4.0,64.0,5.8,3.3,1,2205,0,died
1051,1,0,534579,37.2,52.0,16.0,3,2.0,42.0,71.0,1.0,1,2208,0,euthanized
1052,1,0,535176,37.7,88.0,16.0,2,2.0,45.0,68.0,2.0,0,2205,1,euthanized
1053,1,0,534293,38.3,60.0,30.0,2,2.0,50.0,75.0,2.0,1,2208,0,euthanized
1054,1,0,534784,38.5,72.0,30.0,3,2.0,44.0,74.0,1.0,1,2208,0,lived
1055,1,0,535292,38.5,84.0,30.0,4,4.5,44.0,66.0,2.6,1,2208,1,lived
1056,1,0,528890,38.5,48.0,16.0,3,4.4,48.0,6.6,1.6,1,3111,0,lived
1057,1,0,529461,40.3,114.0,36.0,2,7.0,57.0,4.5,4.5,1,3205,1,died
1058,0,0,5287179,37.6,60.0,20.0,2,2.0,73.0,11.0,3.4,0,400,1,died
1059,0,0,529888,38.2,84.0,36.0,4,7.0,47.0,7.5,4.3,0,31110,0,died
1060,1,0,529796,39.3,129.0,8.0,2,7.0,57.0,8.5,4.5,1,2124,1,lived
1061,0,0,530693,37.0,72.0,96.0,2,4.0,47.0,7.5,4.9,1,1400,1,died
1062,1,0,529475,37.7,96.0,30.0,2,4.0,66.0,7.5,3.4,1,4205,1,died
1063,1,0,534145,38.2,120.0,48.0,1,2.0,57.0,65.0,2.0,1,3205,0,euthanized
1064,0,0,528729,38.9,48.0,16.0,3,7.5,49.0,7.0,8.0,0,3111,1,lived
1065,1,0,529399,39.4,114.0,36.0,2,7.0,57.0,8.1,2.0,1,2208,0,lived
1066,1,0,528178,38.0,66.0,12.0,2,3.0,31.5,6.2,1.5,1,2208,1,lived
1067,1,0,534626,38.4,120.0,24.0,3,3.0,50.0,7.0,2.0,1,2209,1,lived
1068,1,0,529172,37.8,84.0,20.0,2,5.3,73.0,10.2,2.6,1,2206,1,euthanized
1069,0,0,530251,38.1,104.0,35.0,1,5.0,75.0,5.5,4.6,1,3207,0,died
1070,0,0,529340,38.0,48.0,20.0,3,5.0,40.0,6.5,1.5,0,9400,1,lived
1071,0,0,534115,38.6,40.0,16.0,3,2.0,36.0,61.0,2.0,0,0,1,lived
1072,0,0,529424,38.5,54.0,24.0,4,7.0,49.0,7.0,3.6,0,3111,1,lived
1073,1,0,529172,38.7,108.0,42.0,2,7.0,45.0,7.2,2.7,1,31110,1,lived
1074,0,0,530670,36.6,96.0,28.0,2,5.5,33.0,6.6,6.6,1,1400,1,died
1075,0,0,527829,38.3,52.0,18.0,1,5.0,48.0,7.2,3.2,0,5111,1,lived
1076,0,0,528653,37.8,48.0,16.0,3,5.5,44.0,7.5,1.0,0,3111,1,lived
1077,0,0,528812,38.5,40.0,9.0,4,7.0,48.0,7.6,2.6,0,3111,1,lived
1078,1,0,529272,38.9,60.0,30.0,2,6.5,47.0,6.5,2.7,1,2300,0,euthanized
1079,1,0,530001,38.1,108.0,32.0,1,7.5,75.0,8.3,7.0,1,2209,0,euthanized
1080,0,0,528800,37.6,48.0,20.0,2,4.5,45.0,7.5,2.3,0,400,1,lived
1081,1,0,528548,37.1,52.0,12.0,2,3.0,50.0,7.0,3.6,1,2124,1,lived
1082,1,0,529667,39.5,92.0,24.0,2,2.0,67.0,7.0,3.6,1,7111,0,died
1083,1,0,528890,38.1,75.0,18.0,3,7.0,52.0,6.8,4.3,1,7209,0,died
1084,1,0,527463,38.5,129.0,14.0,1,5.0,57.0,8.9,6.6,1,2208,0,lived
1085,1,0,534293,38.5,60.0,20.0,3,2.0,50.0,81.0,2.0,1,3111,0,lived
1086,1,0,530381,38.5,86.0,24.0,2,4.4,45.0,7.5,3.9,1,3209,1,died
1087,1,0,528548,37.8,96.0,30.0,2,4.5,45.0,7.5,3.7,1,4205,1,died
1088,1,0,528570,38.1,66.0,12.0,2,3.0,44.0,6.0,3.6,1,3111,1,died
1089,1,0,528183,38.3,45.0,12.0,2,6.5,39.0,7.0,1.5,1,2112,0,lived
1090,1,0,530242,37.3,96.0,30.0,2,4.0,57.0,4.5,4.1,1,2205,1,died
1091,1,0,535292,38.5,129.0,30.0,2,2.0,57.0,66.0,2.0,1,2206,0,lived
1092,1,0,533968,37.8,60.0,16.0,2,2.0,52.0,75.0,2.0,1,3205,0,euthanized
1093,0,0,529183,37.5,40.0,16.0,3,5.0,40.0,7.5,1.3,0,0,1,lived
1094,1,0,528134,38.2,104.0,36.0,1,2.0,37.0,6.5,2.0,1,7400,1,died
1095,1,0,5275212,38.0,96.0,28.0,2,4.5,69.0,8.1,4.5,1,2205,0,died
1096,0,0,534293,38.5,68.0,20.0,2,2.0,50.0,75.0,2.0,0,0,0,lived
1097,1,0,529888,37.5,60.0,24.0,2,3.0,57.0,8.1,4.5,1,2208,1,euthanized
1098,1,0,530001,38.6,60.0,30.0,2,3.0,43.0,6.0,3.6,1,2209,1,died
1099,1,0,534115,38.2,88.0,20.0,2,1.0,34.0,68.0,1.0,1,2208,0,lived
1100,0,0,529135,38.6,44.0,12.0,3,7.0,39.0,6.5,5.0,0,5205,1,lived
1101,0,0,527365,38.0,44.0,24.0,3,7.0,41.0,6.1,5.3,0,3111,0,lived
1102,1,1,527524,38.3,80.0,30.0,2,7.0,37.0,6.5,3.6,1,2208,0,died
1103,1,0,529373,38.3,48.0,28.0,0,5.3,39.0,6.6,3.3,1,4205,1,lived
1104,1,0,530693,38.7,52.0,51.0,3,2.0,33.0,7.0,1.0,1,2208,0,died
1105,1,0,5299603,39.3,60.0,20.0,2,3.0,30.0,6.5,3.0,1,31110,0,lived
1106,1,0,528151,39.5,84.0,36.0,0,5.0,37.0,6.5,6.0,1,4124,1,lived
1107,1,0,527544,37.6,114.0,48.0,2,5.0,57.0,8.0,2.0,1,2112,0,died
1108,1,0,527365,38.0,98.0,36.0,2,4.4,69.0,7.8,4.4,1,2209,1,lived
1109,1,0,5275212,38.7,100.0,12.0,2,2.0,52.0,72.0,3.3,1,2205,0,euthanized
1110,1,0,530242,37.2,108.0,12.0,2,6.0,52.0,8.6,7.4,1,2207,0,euthanized
1111,0,0,5290482,37.6,48.0,20.0,3,6.2,48.0,8.0,5.2,0,5206,1,euthanized
1112,0,0,529461,40.3,114.0,36.0,2,7.0,57.0,8.1,4.5,1,7400,1,euthanized
1113,1,0,528904,38.0,110.0,28.0,2,4.3,50.0,7.5,1.0,1,31110,1,euthanized
1114,0,0,527883,38.3,52.0,18.0,3,5.0,37.0,7.6,5.3,1,31110,1,lived
1115,1,0,528548,37.9,68.0,20.0,3,3.0,44.0,6.0,3.6,1,2124,1,lived
1116,0,0,5291329,38.4,56.0,24.0,3,5.5,49.0,6.5,5.0,0,0,1,lived
1117,1,0,533736,38.0,120.0,80.0,2,2.0,68.0,80.0,2.0,0,2209,0,euthanized
1118,1,0,529663,38.4,86.0,24.0,2,5.0,47.0,6.3,3.6,1,7111,0,died
1119,1,0,533928,39.7,100.0,24.0,2,2.0,52.0,75.0,2.0,1,2205,0,euthanized
1120,1,0,530366,37.2,36.0,32.0,2,4.0,50.0,5.9,2.6,1,2208,1,died
1121,1,0,530693,38.2,84.0,36.0,2,5.0,57.0,7.5,2.0,1,2205,0,died
1122,1,0,529663,39.1,88.0,50.0,3,5.4,51.0,8.4,2.6,0,2208,1,lived
1123,1,0,529840,38.0,164.0,36.0,2,5.5,64.0,8.6,3.3,1,4205,0,died
1124,1,0,5299603,38.3,60.0,16.0,2,3.0,30.0,6.0,3.0,1,31110,0,lived
1125,0,0,534519,37.1,84.0,30.0,2,2.0,75.0,81.0,1.0,1,1400,0,euthanized
1126,1,1,533886,38.0,104.0,70.0,2,2.0,47.0,54.0,2.0,1,2205,0,lived
1127,1,0,529667,39.3,114.0,36.0,2,7.0,57.0,8.1,2.0,1,2113,0,lived
1128,1,0,528469,39.2,100.0,50.0,2,3.0,60.0,8.1,3.6,1,2208,1,lived
1129,1,0,534293,38.2,130.0,16.0,2,2.0,66.0,82.0,2.0,0,2209,0,euthanized
1130,1,0,529475,38.4,52.0,30.0,3,4.0,37.0,6.6,5.0,1,3111,1,lived
1131,1,0,530242,38.0,108.0,12.0,2,4.0,47.0,6.3,3.2,1,2207,0,lived
1132,1,0,528183,38.1,52.0,68.0,3,5.3,43.0,7.5,1.6,1,2112,1,lived
1133,1,0,534073,37.8,52.0,48.0,3,7.0,48.0,53.0,2.6,1,2205,0,lived
1134,1,0,5278331,36.7,84.0,30.0,2,4.5,40.0,7.8,2.6,1,3205,1,died
1135,0,0,528630,36.1,78.0,24.0,2,6.0,49.0,8.1,4.1,1,4205,1,died
1136,0,0,533692,37.8,88.0,28.0,2,1.0,33.0,64.0,2.0,1,3205,0,euthanized
1137,1,0,529461,39.1,164.0,48.0,2,6.5,65.0,7.8,4.5,1,2205,0,died
1138,1,0,534115,38.2,60.0,36.0,3,2.0,42.0,72.0,1.0,1,2208,0,lived
1139,0,0,535196,38.2,129.0,48.0,2,2.0,57.0,66.0,2.0,1,3205,0,euthanized
1140,0,0,528469,37.1,88.0,24.0,1,4.4,60.0,7.5,2.6,1,3205,1,died
1141,1,0,5290409,39.1,84.0,36.0,0,7.0,40.0,7.5,5.3,1,2208,1,died
1142,1,0,534925,38.7,120.0,48.0,2,2.0,56.0,64.0,2.0,0,1400,0,euthanized
1143,1,0,529667,40.3,114.0,36.0,2,7.0,57.0,7.5,4.5,1,2305,0,lived
1144,1,0,5282839,39.4,114.0,60.0,2,7.0,57.0,8.6,3.9,0,2208,1,died
1145,1,0,530002,39.0,100.0,51.0,1,2.0,59.0,8.2,2.6,1,2113,0,lived
1146,1,0,529461,38.1,108.0,36.0,3,7.0,51.0,11.0,4.5,1,7111,1,died
1147,1,0,529685,37.3,30.0,68.0,3,6.5,36.0,5.9,4.1,1,2208,1,lived
1148,1,0,533836,38.5,88.0,48.0,2,2.0,42.0,67.0,2.6,0,2205,1,lived
1149,1,0,529386,37.9,80.0,16.0,3,2.0,55.0,50.0,2.0,1,2205,1,lived
1150,1,0,5291409,38.7,164.0,18.0,3,4.0,49.0,8.0,8.0,1,9400,1,lived
1151,0,0,528019,37.9,48.0,16.0,3,4.3,36.0,6.5,2.6,0,0,1,lived
1152,1,1,533885,38.1,48.0,14.0,2,1.0,33.0,65.0,2.0,1,3111,1,lived
1153,1,0,528570,38.1,72.0,60.0,2,3.0,44.0,6.0,3.4,1,2209,1,died
1154,1,0,529388,39.3,88.0,28.0,2,4.5,45.0,7.2,3.4,1,2208,1,died
1155,1,1,529135,39.3,66.0,12.0,2,3.0,58.0,7.0,2.4,1,7111,0,lived
1156,1,0,534556,37.1,84.0,40.0,2,2.0,75.0,81.0,2.0,1,2208,0,euthanized
1157,1,0,530401,37.9,68.0,20.0,0,5.0,45.0,4.0,2.8,1,5400,1,died
1158,0,0,528996,38.6,54.0,12.0,3,5.0,49.0,8.1,5.0,0,0,1,lived
1159,1,0,527702,37.3,75.0,30.0,1,5.0,48.0,7.2,3.2,1,2208,0,died
1160,0,0,534478,38.1,52.0,16.0,3,1.0,46.0,51.0,1.0,1,2209,0,euthanized
1161,1,0,528214,39.1,112.0,30.0,2,4.5,57.0,7.5,4.0,1,2206,0,died
1162,0,0,528702,38.1,112.0,12.0,2,4.5,54.0,7.6,3.9,1,2112,1,died
1163,1,0,534857,38.2,52.0,32.0,2,2.0,50.0,75.0,2.0,1,2209,0,lived
1164,1,0,5279822,36.1,100.0,30.0,2,4.0,45.0,9.1,4.9,1,3205,1,died
1165,1,0,533902,38.0,88.0,24.0,3,5.0,46.0,75.0,2.0,1,31110,1,euthanized
1166,1,0,529840,37.5,64.0,48.0,2,4.0,44.0,4.6,7.4,1,3025,1,died
1167,1,0,535158,38.0,120.0,60.0,1,2.0,68.0,75.0,1.0,1,2208,1,euthanized
1168,1,0,526802,38.1,44.0,18.0,4,3.0,39.0,7.5,2.2,0,3111,1,lived
1169,1,0,533692,37.6,88.0,20.0,2,1.0,33.0,66.0,2.0,1,2208,0,euthanized
1170,1,0,528743,38.0,66.0,24.0,2,4.5,44.0,6.4,2.6,1,2205,1,died
1171,1,0,528548,39.6,66.0,12.0,2,3.0,44.0,6.0,3.6,1,2124,1,lived
1172,1,0,535043,38.5,100.0,51.0,2,2.0,66.0,13.0,2.0,1,2208,0,lived
1173,1,0,534403,37.4,60.0,30.0,2,2.0,66.0,69.0,1.0,1,3111,0,lived
1174,1,0,528461,38.0,66.0,12.0,2,3.0,31.5,6.0,1.6,1,2205,1,lived
1175,1,0,528743,37.1,75.0,36.0,0,5.0,48.0,7.4,3.2,1,12208,1,died
1176,1,0,528469,38.0,136.0,24.0,2,3.0,43.0,7.5,3.6,1,2209,1,died
1177,0,0,5297379,37.7,60.0,20.0,3,7.0,47.0,8.3,3.4,0,2208,0,lived
1178,1,0,530612,36.5,100.0,24.0,2,2.0,52.0,6.0,3.4,1,2208,1,lived
1179,0,0,529642,38.2,44.0,36.0,3,4.5,44.0,7.0,4.1,0,0,1,lived
1180,1,0,530478,37.3,88.0,24.0,2,5.3,45.0,8.0,4.1,1,2209,1,died
1181,1,0,534478,39.2,88.0,51.0,2,2.0,43.0,51.0,2.0,0,2113,0,lived
1182,1,0,528890,38.2,80.0,44.0,2,7.0,54.0,4.7,3.6,1,7111,1,died
1183,0,0,530381,38.0,104.0,40.0,2,3.0,73.0,10.2,3.6,1,41110,1,euthanized
1184,1,0,534519,37.1,84.0,40.0,2,2.0,75.0,81.0,2.0,0,1400,0,euthanized
1185,1,0,527524,36.8,108.0,24.0,2,2.0,66.0,7.5,2.6,1,2208,0,died
1186,1,0,530693,37.8,48.0,18.0,2,4.5,46.0,5.7,10.1,0,31110,1,euthanized
1187,1,0,528904,37.5,72.0,60.0,0,5.0,48.0,8.0,2.3,1,2207,0,euthanized
1188,0,0,528247,38.6,54.0,20.0,3,5.0,49.0,7.0,5.0,0,3111,1,lived
1189,0,0,529160,37.5,44.0,20.0,3,4.0,45.0,8.1,5.0,0,3111,1,lived
1190,0,0,529461,38.6,54.0,36.0,2,7.0,57.0,8.2,7.4,0,7400,1,euthanized
1191,1,0,534157,38.9,60.0,40.0,2,2.0,36.0,74.0,2.0,1,400,0,lived
1192,1,0,535292,38.3,48.0,12.0,3,2.0,41.0,66.0,2.0,1,2208,0,lived
1193,0,0,529399,38.1,54.0,24.0,3,4.0,36.0,5.7,3.9,1,3111,1,lived
1194,1,0,5291329,38.0,80.0,44.0,3,7.0,39.0,6.3,4.1,1,7111,1,lived
1195,0,0,527463,39.5,108.0,36.0,2,5.0,53.0,8.0,3.9,1,1124,1,lived
1196,0,0,529667,38.6,44.0,12.0,3,5.5,37.0,7.5,2.0,0,3111,1,lived
1197,0,0,530526,37.9,80.0,36.0,2,2.0,72.0,7.0,3.9,0,2113,1,euthanized
1198,1,0,530001,37.5,108.0,40.0,2,5.3,63.0,6.6,3.3,1,2209,0,euthanized
1199,1,0,534491,37.9,86.0,40.0,2,3.0,52.0,7.5,2.0,1,4205,0,died
1200,1,0,528469,38.1,52.0,28.0,3,7.0,54.0,7.5,2.0,1,2112,0,died
1201,1,0,528151,39.7,129.0,48.0,2,4.5,48.0,7.0,6.0,1,3205,1,died
1202,0,0,529461,40.3,114.0,36.0,2,7.0,57.0,7.0,4.5,1,3205,1,died
1203,1,0,534817,38.1,86.0,40.0,2,2.0,46.0,81.0,2.0,1,2205,0,euthanized
1204,1,0,530526,37.4,80.0,30.0,2,3.0,43.0,3.9,3.9,1,3113,1,lived
1205,0,0,529461,38.2,88.0,36.0,2,7.0,57.0,8.1,4.5,1,3205,0,died
1206,1,0,533836,39.1,120.0,40.0,1,2.0,68.0,64.0,2.0,1,2208,0,lived
1207,0,0,529461,40.3,114.0,36.0,2,7.0,57.0,8.1,4.5,1,2205,0,euthanized
1208,1,0,534787,38.0,36.0,16.0,2,2.0,52.0,75.0,2.0,1,3111,0,euthanized
1209,1,1,529126,38.6,72.0,12.0,2,6.5,45.0,7.2,2.8,1,7111,1,lived
1210,0,0,528996,38.3,60.0,20.0,2,7.0,43.0,7.5,5.0,0,0,1,lived
1211,1,0,527883,37.8,108.0,24.0,2,5.3,65.0,6.5,4.1,1,6111,1,died
1212,0,0,529796,37.5,64.0,32.0,2,4.0,47.0,7.7,3.3,1,4205,1,lived
1213,0,0,530670,40.3,96.0,36.0,2,7.0,70.0,7.5,4.5,1,1400,1,died
1214,1,0,527933,38.1,60.0,18.0,0,1.0,43.0,58.0,1.0,1,2209,1,died
1215,1,0,5287179,38.2,52.0,24.0,2,7.0,54.0,4.0,7.4,1,2208,1,died
1216,1,0,534293,38.5,132.0,48.0,2,2.0,57.0,82.0,2.0,0,1400,0,euthanized
1217,1,0,528742,38.5,66.0,20.0,2,1.5,64.0,7.5,3.2,1,2124,1,died
1218,1,0,530242,38.2,86.0,20.0,2,4.5,45.0,6.0,3.9,0,2209,1,died
1219,1,0,5287179,37.8,48.0,9.0,3,4.5,37.0,6.5,5.3,1,3205,1,lived
1220,1,0,535292,38.0,76.0,18.0,2,3.0,31.0,75.0,2.0,1,3205,1,died
1221,1,0,533942,38.3,112.0,16.0,2,2.0,51.0,75.0,2.0,1,6209,0,euthanized
1222,1,0,529172,38.0,84.0,20.0,2,2.0,45.0,7.2,4.3,1,3205,0,lived
1223,1,0,529304,38.0,44.0,14.0,3,7.0,59.0,7.2,2.1,1,5400,0,died
1224,0,0,527524,37.4,48.0,20.0,3,4.5,39.0,6.8,3.6,1,400,1,lived
1225,1,0,530157,39.3,54.0,51.0,2,4.0,50.0,7.8,1.0,1,31110,0,lived
1226,1,1,530276,36.1,60.0,20.0,2,4.0,47.0,7.6,3.0,1,2124,1,lived
1227,1,0,534293,38.5,48.0,16.0,3,1.5,41.0,61.0,1.0,0,0,0,lived
1228,1,0,534963,38.3,48.0,20.0,3,2.0,41.0,65.0,2.0,1,3111,0,lived
1229,1,0,535338,38.0,136.0,20.0,2,5.0,66.0,65.0,2.0,1,2208,0,lived
1230,1,0,535246,38.5,129.0,48.0,2,2.0,57.0,66.0,2.0,1,2206,0,lived
1231,1,0,528570,37.5,60.0,50.0,2,3.0,35.0,6.4,3.6,1,2209,1,died
1232,1,1,529685,37.5,84.0,40.0,3,3.0,40.0,5.9,7.0,1,400,1,lived
1233,1,0,534784,38.1,70.0,16.0,3,2.0,58.0,74.0,2.0,1,2209,0,lived
1234,1,0,528548,38.1,54.0,36.0,3,3.0,45.0,6.0,3.6,1,2124,1,lived
